date,h_theoretical,h_actual,h_ecm_base,rho_t,ect,beta0,beta1,r_squared_coint,sigma_ecm,sigma_f
2025-01-01,,0.7902737277175005,0.7902737277175005,,,,,,,
2025-01-02,,0.7902737277175005,0.7902737277175005,,,,,,,
2025-01-03,,0.7902737277175005,0.7902737277175005,,,,,,,
2025-01-06,,0.7902737277175005,0.7902737277175005,,,,,,,
2025-01-07,,0.7902737277175005,0.7902737277175005,,,,,,,
2025-01-08,,0.7902737277175005,0.7902737277175005,,,,,,,
2025-01-09,,0.7902737277175005,0.7902737277175005,,,,,,,
2025-01-10,,0.7902737277175005,0.7902737277175005,,,,,,,
2025-01-13,,0.7902737277175005,0.7902737277175005,,,,,,,
2025-01-14,,0.7902737277175005,0.7902737277175005,,,,,,,
2025-01-15,,0.7902737277175005,0.7902737277175005,,,,,,,
2025-01-16,,0.7902737277175005,0.7902737277175005,,,,,,,
2025-01-17,,0.7902737277175005,0.7902737277175005,,,,,,,
2025-01-20,,0.7902737277175005,0.7902737277175005,,,,,,,
2025-01-21,,0.7902737277175005,0.7902737277175005,,,,,,,
2025-01-22,,0.7902737277175005,0.7902737277175005,,,,,,,
2025-01-23,,0.7902737277175005,0.7902737277175005,,,,,,,
2025-01-24,,0.7902737277175005,0.7902737277175005,,,,,,,
2025-01-27,,0.7902737277175005,0.7902737277175005,,,,,,,
2025-01-28,,0.7902737277175005,0.7902737277175005,,,,,,,
2025-01-29,,0.7902737277175005,0.7902737277175005,,,,,,,
2025-01-30,,0.7902737277175005,0.7902737277175005,,,,,,,
2025-01-31,,0.7902737277175005,0.7902737277175005,,,,,,,
2025-02-03,,0.7902737277175005,0.7902737277175005,,,,,,,
2025-02-04,,0.7902737277175005,0.7902737277175005,,,,,,,
2025-02-05,,0.7902737277175005,0.7902737277175005,,,,,,,
2025-02-06,,0.7902737277175005,0.7902737277175005,,,,,,,
2025-02-07,,0.7902737277175005,0.7902737277175005,,,,,,,
2025-02-10,,0.7902737277175005,0.7902737277175005,,,,,,,
2025-02-11,,0.7902737277175005,0.7902737277175005,,,,,,,
2025-02-12,,0.7902737277175005,0.7902737277175005,,,,,,,
2025-02-13,,0.7902737277175005,0.7902737277175005,,,,,,,
2025-02-14,,0.7902737277175005,0.7902737277175005,,,,,,,
2025-02-17,,0.7902737277175005,0.7902737277175005,,,,,,,
2025-02-18,,0.7902737277175005,0.7902737277175005,,,,,,,
2025-02-19,,0.7902737277175005,0.7902737277175005,,,,,,,
2025-02-20,,0.7902737277175005,0.7902737277175005,,,,,,,
2025-02-21,,0.7902737277175005,0.7902737277175005,,,,,,,
2025-02-24,,0.7902737277175005,0.7902737277175005,,,,,,,
2025-02-25,,0.7902737277175005,0.7902737277175005,,,,,,,
2025-02-26,,0.7902737277175005,0.7902737277175005,,,,,,,
2025-02-27,,0.7902737277175005,0.7902737277175005,,,,,,,
2025-02-28,,0.7902737277175005,0.7902737277175005,,,,,,,
2025-03-03,,0.7902737277175005,0.7902737277175005,,,,,,,
2025-03-04,,0.7902737277175005,0.7902737277175005,,,,,,,
2025-03-05,,0.7902737277175005,0.7902737277175005,,,,,,,
2025-03-06,,0.7902737277175005,0.7902737277175005,,,,,,,
2025-03-07,,0.7902737277175005,0.7902737277175005,,,,,,,
2025-03-10,,0.7902737277175005,0.7902737277175005,,,,,,,
2025-03-11,,0.7902737277175005,0.7902737277175005,,,,,,,
2025-03-12,,0.7902737277175005,0.7902737277175005,,,,,,,
2025-03-13,,0.7902737277175005,0.7902737277175005,,,,,,,
2025-03-14,,0.7902737277175005,0.7902737277175005,,,,,,,
2025-03-17,,0.7902737277175005,0.7902737277175005,,,,,,,
2025-03-18,,0.7902737277175005,0.7902737277175005,,,,,,,
2025-03-19,,0.7902737277175005,0.7902737277175005,,,,,,,
2025-03-20,,0.7902737277175005,0.7902737277175005,,,,,,,
2025-03-21,,0.7902737277175005,0.7902737277175005,,,,,,,
2025-03-24,,0.7902737277175005,0.7902737277175005,,,,,,,
2025-03-25,,0.7902737277175005,0.7902737277175005,,,,,,,
2025-03-26,,0.0,0.7902737277175005,,,,,,,
2025-03-27,,0.0,0.7902737277175005,,-81.41767505992902,-3887.993550442392,1.0555127711007284,0.9370929051314519,,
2025-03-28,-0.029690688542886493,0.0,0.7902737277175005,-0.07830713408186767,101.42513563168177,-3779.67041941754,1.0538099238082408,0.9436848773957988,104.98924360104692,276.9018564168931
2025-03-31,-0.028797257711672967,0.0,0.7902737277175005,-0.07840294427819897,166.23478156188503,-3636.4511668134073,1.0515985822240421,0.9494609032954442,98.586588376355,268.4102379622055
2025-04-01,-0.025012904982006354,0.0,0.7902737277175005,-0.07821447732433749,168.80807835068845,-2863.747955081868,1.040132331625201,0.9529588949864841,81.54567474217944,254.9904672251465
2025-04-02,-0.022464898094551863,0.0,0.7902737277175005,-0.07797976323468922,217.13017548268544,-1699.0289182028791,1.0228873585930063,0.9537673492945744,68.87830378982184,239.0891691976958
2025-04-03,-0.02409499508083743,0.0,0.7902737277175005,-0.07848242811773057,125.52353270469757,-514.3736437433981,1.005321370856115,0.9567920801140346,68.87499640865923,224.3402389839243
2025-04-04,-0.023007974243241646,0.0,0.7902737277175005,-0.07813050542683973,188.5866082442517,788.3712606836634,0.9860004616844689,0.9606761915100066,62.02182874910736,210.61379747884843
2025-04-07,-0.02536716374738916,0.0,0.7902737277175005,-0.07827804343746063,204.72870970200165,2053.2655024190026,0.9672151672829257,0.9654931898570787,63.878382748814666,197.1160382500818
2025-04-08,-0.02321977812104236,0.0,0.7902737277175005,-0.07825972293051585,185.75489025482966,3640.5935506687383,0.9436647026417164,0.9685066547672296,54.71401614745218,184.40760810866692
2025-04-09,-0.02049517153926136,0.0,0.7902737277175005,-0.07868879638196294,111.86773477459792,5241.0396393575065,0.9199176056375435,0.9712921656073787,45.11775125646367,173.22429017151194
2025-04-10,-0.019469951462925277,0.0,0.7902737277175005,-0.07730106954000994,184.0635946095863,6531.436491877801,0.9007910824839191,0.9681347211234587,41.35265432171176,164.18142661904497
2025-04-11,-0.027987825096760063,0.0,0.7902737277175005,-0.07846278637295723,128.43820188335667,7586.989114034775,0.8851260289968441,0.9658541368764151,55.2349689141417,154.8491013947681
2025-04-14,-0.02587759997036068,0.0,0.7902737277175005,-0.07758734411737411,144.02176684464212,8574.268273073976,0.8704970972431152,0.9593350302284885,48.500549664151926,145.41645442330025
2025-04-15,-0.0240496587245771,0.0,0.7902737277175005,-0.0778090267598927,147.99624385946663,9400.006950897281,0.858252741192284,0.9518754459555356,43.72280758112927,141.45851897769703
2025-04-16,-0.01825880153506243,0.0,0.7902737277175005,-0.07819669688929126,137.0559659878054,9733.362373815675,0.853329563616694,0.9431317203710529,36.11799585629702,154.68200192657818
2025-04-17,-0.015894957986320922,0.0,0.7902737277175005,-0.07830314373443378,126.4086827266583,10330.972383161454,0.8444835154941157,0.9347577552518405,29.83137545795724,146.9579524708738
2025-04-18,-0.014021031414360906,0.0,0.7902737277175005,-0.07863383040920557,144.20957684353925,10523.545345993014,0.8416571230628493,0.925654211038466,24.52081111519293,137.51950521652347
2025-04-21,-0.013916774689223622,0.0,0.7902737277175005,-0.07828943579335584,140.11742049930035,10797.702189460688,0.8376115427146229,0.917193759839657,23.050006662821687,129.6688390064088
2025-04-22,-0.012154527373161389,0.0,0.7902737277175005,-0.07677290213861161,119.01836297985574,11330.077211887809,0.8297283542496092,0.9054960523332586,19.206598351645436,121.31662963073859
2025-04-23,-0.011115207497391874,0.0,0.7902737277175005,-0.07829016218265726,105.69853847609193,11881.921066851472,0.8215508238071063,0.8942708476240554,17.99610397273844,126.75587918734313
2025-04-24,-0.009833959836853173,0.0,0.7902737277175005,-0.07862748323841477,80.51045471001999,12464.677685861447,0.8129124216990293,0.8870667827819039,14.844213949994796,118.68699922554758
2025-04-25,-0.009711628348106896,0.0,0.7902737277175005,-0.08105774866739325,41.253054617365706,12397.34348361136,0.8139511199030709,0.8753817875946779,13.44665390893306,112.232002080288
2025-04-28,-0.010917841165514554,0.0,0.7902737277175005,-0.08007455270639537,79.794479930526,12897.969200351858,0.8065195459100147,0.8617466594028125,16.26428568574481,119.28689762301235
2025-04-29,-0.01592467488936787,0.0,0.7902737277175005,-0.0784299528375803,-22.53945365906111,12873.430876882456,0.8068954145657701,0.8441898673934365,23.459341932040516,115.53862757719651
2025-04-30,-0.035140409341656076,0.0,0.7902737277175005,-0.07975243148224917,43.74658243248996,13400.121192215563,0.7990697685031276,0.8296819399632387,47.68325620313208,108.21887662767918
2025-05-01,-0.03606626955703932,0.0,0.7902737277175005,-0.07794340574854519,68.42636070821027,13780.258177535143,0.7933954708814603,0.8185937086398751,50.1352569154951,108.3481247178028
2025-05-02,-0.03285808566714182,0.0,0.7902737277175005,-0.07840771611549355,50.895572986337356,14081.840085425181,0.7889152640331569,0.8038903956478463,43.314326795576285,103.35895625585539
2025-05-05,-0.028708326921196476,0.0,0.7902737277175005,-0.07812584337095838,27.189026193504105,14106.683321788907,0.78856633764791,0.791822291620125,35.94016024182159,97.80630328918785
2025-05-06,-0.025931980431777638,0.0,0.7902737277175005,-0.0780880285050835,61.738637327594915,14547.29965664813,0.7820101061735611,0.776084960360607,30.60051131501534,92.14620557513838
2025-05-07,-0.027976293621544582,0.0,0.7902737277175005,-0.07832192072509973,71.7464107516571,15091.295921213954,0.7739034485626579,0.7643387069881499,30.823601504000465,86.29319187582583
2025-05-08,-0.025066587564465854,0.0,0.7902737277175005,-0.07708050075400041,112.04785744100809,15422.093209663406,0.7689870695997016,0.7501458965936882,26.254066283923176,80.732033061503
2025-05-09,-0.030281905369672894,0.0,0.7902737277175005,-0.07877078797450904,117.32102696796937,15852.784303567838,0.7625808155816589,0.7387826564157106,29.782650454148794,77.47210142833926
2025-05-12,-0.02582720431166415,0.0,0.7902737277175005,-0.07833102776179711,75.29120476682147,16949.197450167383,0.7462578860269744,0.7050665622487218,25.43043217599339,77.12766216328758
2025-05-13,-0.028061087338800427,0.0,0.7902737277175005,-0.07811118664026566,49.1918790259806,18684.454126111057,0.7204142222527219,0.6595756944241618,25.923956728363965,72.16224367982645
2025-05-14,-0.026126159856734242,0.0,0.7902737277175005,-0.07817422462963045,27.92243244094425,20113.428127500258,0.6991191098337195,0.6286447439859426,22.664283935516565,67.81566189445593
2025-05-15,-0.018687117406404705,0.0,0.7902737277175005,-0.07917528889216031,1.7773999722703593,21484.677204224863,0.6786847872424673,0.563218488845614,18.642396115410712,78.98580963449447
2025-05-16,-0.019851027763600072,0.0,0.7902737277175005,-0.07837242391173019,-1.0032071395398816,21648.372880538693,0.6762516244615284,0.5235685127596867,19.255306906459314,76.02050097328643
2025-05-19,-0.017530662251322257,0.0,0.7902737277175005,-0.07893567798977762,-29.208442823568475,23666.009495552396,0.6461558713806195,0.46665972620708296,15.932721116784007,71.74059516665052
2025-05-20,-0.021590958376189157,0.0,0.7902737277175005,-0.07830950942800438,-57.75036407346488,23835.43093803717,0.6436265062105591,0.45083208961162413,18.683130911200987,67.76293996513034
2025-05-21,-0.02470266903224716,0.0,0.7902737277175005,-0.0784775320670235,-80.50192607929057,23618.90904685657,0.6468510922595998,0.4513347086042795,19.955403781559436,63.39601757742822
2025-05-22,-0.01713428761107762,0.0,0.7902737277175005,-0.07887495438973408,-74.17448745743604,23020.368062026042,0.6557700607017214,0.4507209563194793,16.51425241242631,76.020721454947
2025-05-23,-0.015834360798193253,0.0,0.7902737277175005,-0.07811184195151899,-104.7043072385859,22048.516275081318,0.6702391774565442,0.46107073341979354,14.914683627723877,73.57501986557024
2025-05-26,-0.02305716112253913,0.0,0.7902737277175005,-0.07694806997790528,-145.4725544025714,21115.96003430558,0.6841245233279007,0.47750428235948916,20.62341320793245,68.82598574357726
2025-05-27,-0.030242765634150334,0.0,0.7902737277175005,-0.078257278405832,-139.2897477135848,19362.78942197864,0.7102498487606628,0.4956103990477556,25.437978121923496,65.8242357875138
2025-05-28,-0.0265973183670437,0.0,0.7902737277175005,-0.07824109239171707,-115.59589347067231,15912.980952940416,0.7616917075473335,0.5307971871635646,21.013153960111698,61.81420614461804
2025-05-29,-0.02353236339704915,0.0,0.7902737277175005,-0.07996278169248612,-117.13612524395285,13455.237655852921,0.7983416546862916,0.5718333781967863,17.305376022969703,58.80352864194807
2025-05-30,-0.014298333937056323,0.0,0.7902737277175005,-0.07848186438828855,-88.32962169672828,11936.32535153639,0.8209909077597697,0.5973517408083,15.249396961308854,83.702136877565
2025-06-02,-0.01732126985024343,0.0,0.7902737277175005,-0.0787272484112817,-104.84214036255435,11955.995977471932,0.8206776719708699,0.5909594166943752,17.251131470624756,78.40846106583044
2025-06-03,-0.016890047006461722,0.0,0.7902737277175005,-0.07838225828765594,-96.25106131834036,11793.5752760662,0.8230767592723565,0.5895332954438705,16.03019414891078,74.39190771348926
2025-06-04,-0.013960145184912887,0.0,0.7902737277175005,-0.07241741258447272,-119.73219042434357,11562.030653140333,0.8265193964382718,0.5857363767970964,13.457279367935202,69.80882643724145
2025-06-05,-0.017317415365129762,0.0,0.7902737277175005,-0.07921994394948145,-166.19519737546216,11792.641409119096,0.8230799397426811,0.5838909658436742,18.32824033694181,83.8440460987508
2025-06-06,-0.025321835275038257,0.0,0.7902737277175005,-0.07880986156338114,-196.18500605455483,10675.524147090793,0.8397295137762946,0.5954355752943408,25.504127994058624,79.37721633028343
2025-06-09,-0.026442513900378807,0.0,0.7902737277175005,-0.07607676242309822,-192.33626359837945,9706.278674972069,0.8541730586828526,0.599597164147264,26.087642855069312,75.05577628287877
2025-06-10,-0.017773377772781384,0.0,0.7902737277175005,-0.07895337897052733,-253.5323595747177,8919.528715513254,0.8659104805805264,0.6065236517383361,22.61517323092127,100.46173357770414
2025-06-11,-0.027132782241152228,0.0,0.7902737277175005,-0.07830557757228986,-247.44309503487602,9767.680784493568,0.8532613627009553,0.6088970835997066,32.77024491910871,94.57537132643246
2025-06-12,-0.023831858021386612,0.0,0.7902737277175005,-0.07854586271874547,-265.88730776432203,11869.980043030926,0.821865405069067,0.5823590016351863,26.923514862834367,88.73545236903227
2025-06-13,-0.024874346298924082,0.0,0.7902737277175005,-0.07733605315383332,-266.3905378262134,14025.748345722444,0.7896652240643753,0.5527872128675322,26.785521862132498,83.27802940383778
2025-06-16,-0.02152996949397606,0.0,0.7902737277175005,-0.0779868154727369,-243.69725621170073,16289.785895196139,0.7558612670968579,0.5283306289539544,23.544136522173897,85.28262108933498
2025-06-17,-0.017638180244931342,0.0,0.7902737277175005,-0.07780561389841258,-211.19156835348986,17611.439529373427,0.7361103045370312,0.5017274801966896,19.493160678227536,85.9883112843081
2025-06-18,-0.01664278942686936,0.0,0.7902737277175005,-0.07790341226425715,-178.33905780925124,19718.88800265023,0.7046431455044697,0.4789523304374247,17.53693447778255,82.08882546265264
2025-06-19,-0.014316417549934556,0.0,0.7902737277175005,-0.07607469595590505,-216.6368113509816,21195.049173764535,0.6826021974081744,0.4637644394269703,14.945583670622794,79.41796400254935
2025-06-20,-0.024097320498983846,0.0,0.7902737277175005,-0.07580579815613912,-128.31663273285085,23288.78816328582,0.6513511683380164,0.4594403531600082,24.199133026188434,76.12608189421543
2025-06-23,-0.03342101312916074,0.0,0.7902737277175005,-0.07655030802760136,-229.54657934956776,25458.32382900978,0.6189614413127087,0.4414718495048081,32.833611838893134,75.20487455638916
2025-06-24,-0.06423412750287572,0.0,0.7902737277175005,-0.07825166427911986,-162.97771610283235,27285.066290455405,0.5916960816755612,0.44240061194787095,58.340655786140296,71.07208563230441
2025-06-25,-0.059178385235414854,0.0,0.7902737277175005,-0.07492908638780761,-5.902131676208228,30644.04619388189,0.5415648086488147,0.39918889314567185,52.51528559215149,66.4925606733163
2025-06-26,-0.06338380720606172,0.0,0.7902737277175005,-0.07775232250480878,-65.88859083897842,32533.53176470904,0.5133636257331649,0.3819523469933236,59.9191444137058,73.50225311522648
2025-06-27,-0.06405424424042022,0.0,0.7902737277175005,-0.07811257698457792,-116.66587178134068,32013.478755273507,0.5211022212927254,0.4189618339351753,57.1691033520691,69.71631684493188
2025-06-30,-0.06091990555425565,0.0,0.7902737277175005,-0.0784945990265312,-120.52814268936345,32780.60493689135,0.5096447413398053,0.4299075205789933,50.78742231101296,65.43901067515003
2025-07-01,-0.05427920461449149,0.0,0.7902737277175005,-0.07803608856075257,-150.71791384842072,33693.97645783494,0.4959780217168639,0.43602783860147054,43.07713893866654,61.931110690302035
2025-07-02,-0.051166039438838566,0.0,0.7902737277175005,-0.07617969683194623,-220.06959637267573,34552.61324465624,0.4831210905769421,0.4458130543968263,39.11066657430875,58.23078657646839
2025-07-03,-0.04136781061274665,0.0,0.7902737277175005,-0.07870800661838921,-186.65721271792427,35499.01369281858,0.4689594638662822,0.44487181946100074,35.714787758610676,67.95234530523909
2025-07-04,-0.03925845596567313,0.0,0.7902737277175005,-0.07707564316946802,-236.70913071800896,36639.95496503706,0.4518866477909951,0.42517005712187694,32.83484987269399,64.4642564272948
2025-07-07,-0.03543994689178231,0.0,0.7902737277175005,-0.078160234062286,-186.2785273160407,37577.47667997726,0.43782368074354405,0.41970821516161605,29.97659429380572,66.11120590977308
2025-07-08,-0.035443058569393476,0.0,0.7902737277175005,-0.07688568292486775,-250.26883864647243,38514.651411453175,0.42375875278069497,0.40311203525257566,28.529646188237514,61.888601585916355
2025-07-09,-0.047077889214902746,0.0,0.7902737277175005,-0.07640352978720577,-142.2259043193626,40312.22258080554,0.3968658562883083,0.38641402271382597,36.43597285109015,59.13257759595665
2025-07-10,-0.039791568850897234,0.0,0.7902737277175005,-0.0788055770272799,-165.5103466520086,40618.85098248237,0.3921974441343776,0.3750309590165315,33.447952901592906,66.2423047120414
2025-07-11,-0.03183880541694572,0.0,0.7902737277175005,-0.0783552964394305,-171.74782212135324,41320.798292389896,0.3816557440635613,0.3753177881559995,28.237949712718596,69.49359096884262
2025-07-14,-0.027450342737898974,0.0,0.7902737277175005,-0.07834236111921627,-121.22810367918282,41859.6805684549,0.3735351887936229,0.37413682796324843,23.252209082056368,66.36102791572672
2025-07-15,-0.022238322622873095,0.0,0.7902737277175005,-0.07768100257031856,-181.19978669148986,42017.92196642683,0.3710823606383902,0.378551597962101,19.142097055332105,66.8655327909992
2025-07-16,-0.016906494160687787,0.0,0.7902737277175005,-0.07868145403361261,-145.67104483701405,42306.063040772744,0.3667049922308916,0.38806866976504406,15.89624984741542,73.97985885119517
2025-07-17,-0.02248705944110175,0.0,0.7902737277175005,-0.07695884060835358,-63.43278251378797,41910.3791758318,0.37252363131717514,0.3875436624242212,20.290467481005795,69.44130942641381
2025-07-18,-0.018253376564784204,0.0,0.7902737277175005,-0.07425934110342391,-164.80167261947645,41416.901355442504,0.3798088134135642,0.3902851453429452,18.16551182174876,73.90188516090957
2025-07-21,-0.024246969353724127,0.0,0.7902737277175005,-0.07837934235011698,-140.6267499517853,41102.10481605308,0.3844491022677643,0.39888293983287293,24.524147274786703,79.27533157045724
2025-07-22,-0.023589715083976094,0.0,0.7902737277175005,-0.07829774542977969,-109.66391589467821,41195.28483945962,0.38297413747857056,0.400784774945391,22.35850396607267,74.21117404319268
2025-07-23,-0.023562689914942384,0.0,0.7902737277175005,-0.07796315590613201,-60.94517766070203,40857.35746760997,0.387924806409784,0.4122797993871772,20.981290914268985,69.42194038821242
2025-07-24,-0.020972446749011178,0.0,0.7902737277175005,-0.08207617503788756,-104.89034045557491,40722.69335530026,0.3898778914627672,0.41457634454716985,17.499387842833148,68.48427543209634
2025-07-25,-0.020225570299884605,0.0,0.7902737277175005,-0.08064383440215145,-153.32959626347292,40326.880068675004,0.3957272380150152,0.4223213136949542,20.520340202591136,81.81914737815882
2025-07-28,-0.017617400607996776,0.0,0.7902737277175005,-0.07804054470896621,-99.9500659773621,39639.70196496221,0.40588750985638633,0.441528923334099,20.95220845596766,92.8128840992195
2025-07-29,-0.0217153090094844,0.0,0.7902737277175005,-0.07821875332499889,-68.00600759929512,38549.14741518223,0.42203911713766207,0.4730148925603248,24.11856102739868,86.87529036460265
2025-07-30,-0.020094239094684066,0.0,0.7902737277175005,-0.07840549139114317,-53.22926595863828,37752.54372028998,0.43383634718263364,0.4982561169189508,20.849937002635603,81.3541407795081
2025-07-31,-0.018390723505770108,0.0,0.7902737277175005,-0.08103452843623174,-60.04066876351135,37125.65656597138,0.4431025242981099,0.5281042816202417,17.39835547998277,76.66188507722302
2025-08-01,-0.02733395511532854,0.0,0.7902737277175005,-0.07769209189425816,-111.27751544921193,36585.73030404924,0.45107390873444864,0.5589477240342562,26.895156439375793,76.44488171514722
2025-08-04,-0.033610493917663624,0.0,0.7902737277175005,-0.0782635036409002,-88.74626061454182,36389.77508850346,0.4539047748301015,0.5993481909043581,30.876421963312506,71.89709763454908
2025-08-05,-0.02998371222542035,0.0,0.7902737277175005,-0.07822790818933471,-64.85784616605088,35580.24982878484,0.46586350701223544,0.6440787093506104,25.800602768928687,67.31411939466588
2025-08-06,-0.02708241843829398,0.0,0.7902737277175005,-0.07995682330489398,-72.22688895461033,34952.71573294708,0.4751258609170588,0.6819576647830516,21.429379250416712,63.267063617789134
2025-08-07,-0.023162693668934545,0.0,0.7902737277175005,-0.07397828856313934,31.100693931031856,34355.84459347074,0.48394275680597154,0.7158081697534002,21.05891048462666,67.25910979630433
2025-08-08,-0.025232668560218576,0.0,0.7902737277175005,-0.07798858201348804,66.42417577217566,33167.06596705393,0.5015836572600523,0.7427976292023282,25.23654471469355,78.00056234725446
2025-08-11,-0.024783086276717683,0.0,0.7902737277175005,-0.07662390272925841,2.3433558196848026,32446.6386440668,0.5122754929330686,0.7649980926294173,23.71766467635222,73.32985128786278
2025-08-12,-0.025842954090482498,0.0,0.7902737277175005,-0.07776603258178373,58.255844640458236,31785.480787897424,0.5220902505065164,0.7872622200413,24.526965831956133,73.80599049714078
2025-08-13,-0.03369667351239996,0.0,0.7902737277175005,-0.07721286182785082,1.8730282475589775,31310.491571463514,0.5291218551795271,0.8082555381521825,30.212802824350064,69.22988908831593
2025-08-14,-0.03549400083818031,0.0,0.7902737277175005,-0.0804813458945584,-0.2795550927548902,31006.46343984749,0.5336281327293197,0.8205334921257943,29.794195779329847,67.55724684570022
2025-08-15,-0.03213802020825098,0.0,0.7902737277175005,-0.07707503155537596,57.262729806112475,30384.66249110445,0.5428607499948876,0.8285677518705734,30.834760066216134,73.9494869225298
2025-08-18,-0.030408650841463512,0.0,0.7902737277175005,-0.07758183864978338,10.024633887034724,29564.0924637579,0.5550502512886952,0.8349484829023023,29.104238170826036,74.2538799753347
2025-08-19,-0.029809015637642013,0.0,0.7902737277175005,-0.07839983088094138,32.22291970641527,28837.221698480076,0.5658649169891703,0.8348014836464934,27.173146705149804,71.46730814876626
2025-08-20,-0.023561108195517055,0.0,0.7902737277175005,-0.07803422431517035,61.06911239904002,28582.07876498293,0.5696583399838699,0.8268973645264601,22.40175432692426,74.1944524720257
2025-08-21,-0.025150302205078686,0.0,0.7902737277175005,-0.07765647273116785,88.55175883951597,28239.55391941601,0.574757779444758,0.8174746160494508,22.52143049436644,69.53931761104212
2025-08-22,-0.02067007502866882,0.0,0.7902737277175005,-0.07308761276693004,164.11198528263776,27572.03287530935,0.5846941332333344,0.8102769709092525,19.481812230889833,68.88601741185927
2025-08-25,-0.025530206330010356,0.0,0.7902737277175005,-0.07829843474479936,144.91889411158627,26573.831847213325,0.5995432044594908,0.8181569626913252,26.061405253770058,79.92756549802857
2025-08-26,-0.02269643121985957,0.0,0.7902737277175005,-0.07947522654546474,127.43009017589793,24282.20404943556,0.6336366960183533,0.8338039986967486,21.422164764353987,75.01317635574249
2025-08-27,-0.020729994252050608,0.0,0.7902737277175005,-0.07767595555862285,88.9192855933361,22551.59870466782,0.6593761115777279,0.847831618492829,20.370936882576487,76.330556040651
2025-08-28,-0.018160702185980735,0.0,0.7902737277175005,-0.07710077252697212,42.17253030090069,21157.217700121284,0.6801084640288462,0.8568779832680542,17.695697138191978,75.12660610728759
2025-08-29,-0.022492157494938998,0.0,0.7902737277175005,-0.07983940691128497,-12.831978972695651,20038.753975541447,0.696739478995136,0.8544886618337679,20.272233719249066,71.95944263132537
2025-09-01,-0.03432957352251042,0.0,0.7902737277175005,-0.07906671729580658,-37.796335512641235,19541.942978532927,0.7041249183535152,0.8499841568404034,29.982689570247537,69.05512060801543
2025-09-02,-0.03382188201591165,0.0,0.7902737277175005,-0.08215545640671475,-105.30978516480536,19480.61898564527,0.705029792544237,0.8449599033343266,27.813126467111747,67.5598152086349
2025-09-03,-0.04587331844385742,0.0,0.7902737277175005,-0.07777573842694599,-51.591939478574204,19590.301296145393,0.7033764010939736,0.8481499015475811,42.13799252009131,71.44269469169109
2025-09-04,-0.047348634999077925,0.0,0.7902737277175005,-0.07865642558869744,-73.63635866751429,20540.666268492903,0.6892273604369534,0.8439444161805789,40.69587807614303,67.60474310875455
2025-09-05,-0.04402838945489427,0.0,0.7902737277175005,-0.07694564205793566,-30.041398006636882,20956.988234004413,0.6830267042966272,0.8486010856322228,36.66723662861799,64.08101908360034
2025-09-08,-0.03620942490061405,0.0,0.7902737277175005,-0.08046396433704762,-105.2290177988034,21645.51618417166,0.6727821741227276,0.8509617932273287,31.985555412239165,71.0777538460001
2025-09-09,-0.05150181053252331,0.0,0.7902737277175005,-0.07329182290823327,15.667899987165583,22011.492340470548,0.6673487503621418,0.8620805583950935,48.795168542385284,69.4400219061712
2025-09-10,-0.0510523877354405,0.0,0.7902737277175005,-0.07815655383281975,82.16846999624977,23206.413342718326,0.6495794751976183,0.8657982281382757,56.78698543918187,86.93570039232316
2025-09-11,-0.049961411052908945,0.0,0.7902737277175005,-0.07848402379241423,66.68117897778575,22791.102718408976,0.6557480979809363,0.8877953070980332,51.83664591277602,81.42981684061925
2025-09-12,-0.042438839351641715,0.0,0.7902737277175005,-0.08119163937547265,92.5295864744694,21999.83019087289,0.6675016708162298,0.9046621073517351,42.88143784015661,82.03839431544347
2025-09-15,-0.03841784574546231,0.0,0.7902737277175005,-0.07817276944846588,120.99871765972057,21505.465314902132,0.674854335839834,0.9139660503962133,46.475396736211316,94.56830292247588
2025-09-16,-0.03705363682519499,0.0,0.7902737277175005,-0.07870954604677609,135.98594997626788,21088.42567181366,0.6810483703967174,0.9179889227399215,41.699445545748205,88.57819934901433
2025-09-17,-0.03439991716467249,0.0,0.7902737277175005,-0.07797308130993395,144.92800824248116,20379.50608432031,0.6916092892945809,0.9208201481773017,37.26420273737896,84.46545659056025
2025-09-18,-0.030332530212744836,0.0,0.7902737277175005,-0.0782131901990026,139.86702037852956,19761.312338597374,0.7008134938198411,0.9210733527503456,31.51464113376947,81.26129286811556
2025-09-19,-0.026863623202857175,0.0,0.7902737277175005,-0.08023298020935904,66.22794557239104,19263.634972703177,0.7082052647394734,0.9233689779003684,25.961762709460903,77.53941372460542
2025-09-22,-0.03875677546996592,0.0,0.7902737277175005,-0.07768033743778877,-0.709474363757181,18559.503187479044,0.7186761844130602,0.9249694504912371,37.66369147285207,75.48946544923928
2025-09-23,-0.041922665336460496,0.0,0.7902737277175005,-0.07776855567443454,-26.32613116259745,18195.381204251258,0.72409500090974,0.9294435058734467,38.4863615900999,71.39404734896566
2025-09-24,-0.030737930010195674,0.0,0.7902737277175005,-0.07903098143034702,-6.793180670516449,18165.700830772228,0.724542831683018,0.932869557795045,31.737531365365562,81.60107889988961
2025-09-25,-0.028411855871885695,0.0,0.7902737277175005,-0.0782089146641795,-1.8073529424873414,18164.243240570067,0.7245759278280666,0.9352001556265076,29.05007021081873,79.9657182674408
2025-09-26,-0.023816298101102047,0.0,0.7902737277175005,-0.07930437223929385,50.18806221797422,18178.320224679774,0.7243941032448045,0.9388746675180836,23.87717846297179,79.50709387383527
2025-09-29,-0.03416205440519977,0.0,0.7902737277175005,-0.07700526515094926,-51.604985651618335,18216.153128401114,0.7238530088720525,0.941652231597278,33.45047379900432,75.40127926045162
2025-09-30,-0.05640240949005232,0.0,0.7902737277175005,-0.07890089040153374,-92.42194167418347,18197.433652667503,0.7241716617472442,0.9449489158446679,50.872004599764615,71.16445016662398
2025-10-01,-0.052032915357418684,0.0,0.7902737277175005,-0.0782269000124222,-63.61559486396436,18440.13429633886,0.720580901963138,0.9459084403859255,45.92499505135789,69.0441804245616
2025-10-02,-0.04941632671357192,0.0,0.7902737277175005,-0.08070064440928387,-25.39488277937926,18949.139204744366,0.7130499211041506,0.94827939977113,39.585476892493844,64.64611408673761
2025-10-03,-0.041591087756242005,0.0,0.7902737277175005,-0.0792147832035211,-68.61121122268378,19187.371514437575,0.709528310348265,0.9499672337760191,39.6682789021009,75.55258308470503
2025-10-06,-0.04190930648346156,0.0,0.7902737277175005,-0.07831326531456405,-63.091487705372856,19358.18264082873,0.7070136058782805,0.9513464761532106,39.31254770637294,73.46086673936178
2025-10-07,-0.036192025301161355,0.0,0.7902737277175005,-0.07672580762210632,-139.34406032630068,19683.847662068292,0.7021940864487877,0.9517370480446257,32.41873306020862,68.72656214821359
