date,rho_t
2014-03-24,0.0
2014-03-25,0.7146348601246442
2014-03-26,0.6993662788961184
2014-03-27,0.7004405738172179
2014-03-28,0.7021773926836642
2014-03-31,0.7023441363735612
2014-04-01,0.7057635325271502
2014-04-02,0.7053348061596585
2014-04-03,0.7040718583899526
2014-04-04,0.6983897474450328
2014-04-08,0.7054549367623854
2014-04-09,0.7058185664391672
2014-04-10,0.6723148181472346
2014-04-11,0.6791197172723376
2014-04-14,0.6865020017135501
2014-04-15,0.6919114350391867
2014-04-16,0.6958476980303578
2014-04-17,0.6949217026506055
2014-04-18,0.6988643454612725
2014-04-21,0.6843035695926752
2014-04-22,0.6906110683984891
2014-04-23,0.6912104477283492
2014-04-24,0.6927196792710458
2014-04-25,0.6975478099857615
2014-04-28,0.7015005586992358
2014-04-29,0.6956692541532559
2014-04-30,0.6968329643719219
2014-05-05,0.6992468619574251
2014-05-06,0.7026174922022217
2014-05-07,0.6980369829368192
2014-05-08,0.7006490874057384
2014-05-09,0.7042749099027188
2014-05-12,0.704005948772931
2014-05-13,0.7042825816327141
2014-05-14,0.6982974804295541
2014-05-15,0.701047509455189
2014-05-16,0.7003357430870519
2014-05-19,0.7033535068933635
2014-05-20,0.7052635628076575
2014-05-21,0.7071393971070079
2014-05-22,0.7076897050414102
2014-05-23,0.707851615122763
2014-05-26,0.7078345328699978
2014-05-27,0.704455992974385
2014-05-28,0.7073028910204157
2014-05-29,0.7044342061938408
2014-05-30,0.7041905227239642
2014-06-03,0.6952664445260381
2014-06-04,0.6989530746105297
2014-06-05,0.6998961113043642
2014-06-06,0.7032512933591529
2014-06-09,0.7046543146765228
2014-06-10,0.7043341276750879
2014-06-11,0.7066072713641222
2014-06-12,0.7078609212920421
2014-06-13,0.7080025402972733
2014-06-16,0.7093272602236772
2014-06-17,0.7070809939447786
2014-06-18,0.7035424453338003
2014-06-19,0.7009925714517315
2014-06-20,0.7037225884302131
2014-06-23,0.7045353386740735
2014-06-24,0.703775482711647
2014-06-25,0.7043062604605408
2014-06-26,0.7061219025633616
2014-06-27,0.7006599652538718
2014-06-30,0.7019020973790199
2014-07-01,0.7024374877319255
2014-07-02,0.7044374978444607
2014-07-03,0.7051378851902479
2014-07-04,0.7065332776129799
2014-07-07,0.7080861353914407
2014-07-08,0.7084237544658525
2014-07-09,0.7014988393868692
2014-07-10,0.7027730324468615
2014-07-11,0.7092942110498294
2014-07-14,0.7090206990558556
2014-07-15,0.7068604636769439
2014-07-16,0.7083391344672969
2014-07-17,0.7079559485650534
2014-07-18,0.7076170576331533
2014-07-21,0.6907194773693526
2014-07-22,0.6922019058861508
2014-07-23,0.6965531709218904
2014-07-24,0.7004043644147064
2014-07-25,0.7025887178782624
2014-07-28,0.7047507761925826
2014-07-29,0.7064857272551747
2014-07-30,0.7053689914027262
2014-07-31,0.699002010996141
2014-08-01,0.7015044890533568
2014-08-04,0.7045015088256962
2014-08-05,0.7060604406564014
2014-08-06,0.7048046821522362
2014-08-07,0.7026706669241035
2014-08-08,0.7048078865993695
2014-08-11,0.7041081214495448
2014-08-12,0.7062729860318896
2014-08-13,0.7036233243859183
2014-08-14,0.7044752226415186
2014-08-15,0.6990594086292252
2014-08-18,0.6934832223001547
2014-08-19,0.6986516267888203
2014-08-20,0.6911802485296531
2014-08-21,0.696461114146503
2014-08-22,0.6975272541348858
2014-08-25,0.6986890466117132
2014-08-26,0.703797463691736
2014-08-27,0.7065141417177551
2014-08-28,0.7067871415769814
2014-08-29,0.7065280160220385
2014-09-01,0.7049517282510324
2014-09-02,0.7065886467901795
2014-09-03,0.7025534689126899
2014-09-04,0.7083456012563684
2014-09-05,0.714940760025099
2014-09-09,0.7129387928491777
2014-09-10,0.7141002288520759
2014-09-11,0.7040684808228922
2014-09-12,0.7070080853294257
2014-09-15,0.7017193713379861
2014-09-16,0.706933270102346
2014-09-17,0.6908189898619871
2014-09-18,0.6932276498631199
2014-09-19,0.6991543703807598
2014-09-22,0.6983425253606329
2014-09-23,0.7155895266459571
2014-09-24,0.7106872844317086
2014-09-25,0.7117569760253453
2014-09-26,0.7141079699416537
2014-09-29,0.7161291140310787
2014-09-30,0.7127826450187299
2014-10-08,0.7125185144214862
2014-10-09,0.7079341926901024
2014-10-10,0.7055891281745411
2014-10-13,0.7082868979693869
2014-10-14,0.724273965126321
2014-10-15,0.72126359937078
2014-10-16,0.719930460711199
2014-10-17,0.7190315910498087
2014-10-20,0.7180986585810181
2014-10-21,0.7177060756656392
2014-10-22,0.7160033466550821
2014-10-23,0.7157859933545391
2014-10-24,0.71796048559876
2014-10-27,0.7120982251871235
2014-10-28,0.7125915731883128
2014-10-29,0.7120594377979367
2014-10-30,0.7117793942689871
2014-10-31,0.7099079228246777
2014-11-03,0.7108294791854487
2014-11-04,0.7090766633947485
2014-11-05,0.707699277269308
2014-11-06,0.7088649159872104
2014-11-07,0.7099846043407944
2014-11-10,0.7108796397692159
2014-11-11,0.711956208251497
2014-11-12,0.7123782445431242
2014-11-13,0.7141174995585534
2014-11-14,0.7127679941529469
2014-11-17,0.7130006201117597
2014-11-18,0.7132958847033093
2014-11-19,0.7130815036621184
2014-11-20,0.7124484668311097
2014-11-21,0.7141688119604338
2014-11-24,0.714309607613101
2014-11-25,0.7132405286225891
2014-11-26,0.7134523129994146
2014-11-27,0.7137157261530539
2014-11-28,0.6595595948994227
2014-12-01,0.6475161048250953
2014-12-02,0.6580216963876967
2014-12-03,0.6648468202801683
2014-12-04,0.6740842690427535
2014-12-05,0.6776925968981373
2014-12-08,0.6815557927440853
2014-12-09,0.6814018429514614
2014-12-10,0.6866585142417868
2014-12-11,0.6910927165243993
2014-12-12,0.6914091438514018
2014-12-15,0.6625657529007236
2014-12-16,0.670878668602496
2014-12-17,0.675978571008966
2014-12-18,0.6827552892184564
2014-12-19,0.6889304306098023
2014-12-22,0.6925724858248145
2014-12-23,0.6971214698994528
2014-12-24,0.6977645495334054
2014-12-25,0.6735646021194885
2014-12-26,0.6836308190767649
2014-12-29,0.6895787405751514
2014-12-30,0.6849358000138956
2014-12-31,0.695063292513017
2015-01-05,0.6970611232305454
2015-01-06,0.7016364977880409
2015-01-07,0.704674123379043
2015-01-08,0.7088015162477386
2015-01-09,0.7106220429925677
2015-01-12,0.7143818125503961
2015-01-13,0.7282426536783132
2015-01-14,0.7237078862455351
2015-01-15,0.7291018398909678
2015-01-16,0.721295479933813
2015-01-19,0.720269548936851
2015-01-20,0.7197287663891013
2015-01-21,0.7198696504060109
2015-01-22,0.691219653464518
2015-01-23,0.693138798918041
2015-01-26,0.6969971612305743
2015-01-27,0.7042637740421859
2015-01-28,0.6890938012865254
2015-01-29,0.6875401520608921
2015-01-30,0.6949690216501093
2015-02-02,0.6972580276532538
2015-02-03,0.7007155629588803
2015-02-04,0.703297420111129
2015-02-05,0.7060051338114687
2015-02-06,0.7076449293991296
2015-02-09,0.7088863385732843
2015-02-10,0.7096419240348126
2015-02-11,0.71035184093627
2015-02-12,0.7092480782702302
2015-02-13,0.7101968772308864
2015-02-16,0.7100714892743866
2015-02-17,0.7099472463982203
2015-02-25,0.7101537329671564
2015-02-26,0.7092392464291306
2015-02-27,0.7088027443254299
2015-03-02,0.7059440658433938
2015-03-03,0.7064485811189508
2015-03-04,0.7086628284848037
2015-03-05,0.7067333396622273
2015-03-06,0.7125532664499769
2015-03-09,0.713904196544809
2015-03-10,0.7148360924021836
2015-03-11,0.7185758058442197
2015-03-12,0.7154725684648293
2015-03-13,0.7022627320836731
2015-03-16,0.7042780838922575
2015-03-17,0.7066672225679197
2015-03-18,0.7079909479218006
2015-03-19,0.6821508314330847
2015-03-20,0.6882348652651106
2015-03-23,0.6934339556140823
2015-03-24,0.7021930060436149
2015-03-25,0.6851043491566235
2015-03-26,0.6854146987998554
2015-03-27,0.6890994478852914
2015-03-30,0.6942705517510895
2015-03-31,0.6955790582037609
2015-04-01,0.6971361413470292
2015-04-02,0.7033707433280741
2015-04-03,0.7119614044576192
2015-04-07,0.7121752646220018
2015-04-08,0.7126915403614761
2015-04-09,0.6886166770526498
2015-04-10,0.6877358106681591
2015-04-13,0.6935038719888741
2015-04-14,0.6704461482475609
2015-04-15,0.6735408413050373
2015-04-16,0.6788758552147457
2015-04-17,0.6812200069433071
2015-04-20,0.6865740965064889
2015-04-21,0.6875000062009434
2015-04-22,0.6898631801249652
2015-04-23,0.6818303554925463
2015-04-24,0.687322824854601
2015-04-27,0.7068562239324108
2015-04-28,0.7089015857387381
2015-04-29,0.7079779007352601
2015-04-30,0.7107157488658369
2015-05-04,0.708698370944655
2015-05-05,0.7023842952735676
2015-05-06,0.7071615720762227
2015-05-07,0.7064186165987222
2015-05-08,0.7077489264016678
2015-05-11,0.7063815808136396
2015-05-12,0.7084958009935463
2015-05-13,0.7065262183603397
2015-05-14,0.7081445705234397
2015-05-15,0.700157105008307
2015-05-18,0.7029551328057821
2015-05-19,0.7044692230622676
2015-05-20,0.7072925840045362
2015-05-21,0.7037151168713072
2015-05-22,0.694927483263855
2015-05-25,0.6976896878020347
2015-05-26,0.701045824321887
2015-05-27,0.702093742519916
2015-05-28,0.7043777666783004
2015-05-29,0.7054119777799509
2015-06-01,0.7072619348532094
2015-06-02,0.7054713437022346
2015-06-03,0.7072262647652424
2015-06-04,0.710165180630061
2015-06-05,0.7110904699110094
2015-06-08,0.7109461715600758
2015-06-09,0.712013101947048
2015-06-10,0.7118770854509966
2015-06-11,0.7113997534958305
2015-06-12,0.7120020799723028
2015-06-15,0.6997482557078326
2015-06-16,0.703562468763031
2015-06-17,0.7107407239951191
2015-06-18,0.7158890806091547
2015-06-19,0.7140296186541537
2015-06-23,0.7139624791051522
2015-06-24,0.7131256590040735
2015-06-25,0.7109016108688035
2015-06-26,0.7199197790599031
2015-06-29,0.7181620359416916
2015-06-30,0.7182931303546551
2015-07-01,0.7321942641185305
2015-07-02,0.7293151982817168
2015-07-03,0.7243955715669808
2015-07-06,0.721909550384993
2015-07-07,0.730583991163996
2015-07-08,0.7393897894002321
2015-07-09,0.7442200357487273
2015-07-10,0.7462558987461899
2015-07-13,0.739846991406558
2015-07-14,0.7343646105442472
2015-07-15,0.7293861676633818
2015-07-16,0.7272311331964697
2015-07-17,0.7231879188956262
2015-07-20,0.7216320874825097
2015-07-21,0.7286214462024323
2015-07-22,0.7208490327751361
2015-07-23,0.7199970051173644
2015-07-24,0.7174686495779028
2015-07-27,0.7087717970144867
2015-07-28,0.7019691983830468
2015-07-29,0.7043561212961899
2015-07-30,0.7054544131665429
2015-07-31,0.7074700742954985
2015-08-03,0.7089105514939782
2015-08-04,0.7058257390071628
2015-08-05,0.7057347950963774
2015-08-06,0.7073006007696274
2015-08-07,0.7040273466480911
2015-08-10,0.7047002804322929
2015-08-11,0.7043851968759177
2015-08-12,0.7063816579644777
2015-08-13,0.7072867226304326
2015-08-14,0.7084007612006192
2015-08-17,0.7075374548580857
2015-08-18,0.7055175591981176
2015-08-19,0.70735649340786
2015-08-20,0.7097319586361317
2015-08-21,0.7119916360005983
2015-08-24,0.7125310004488808
2015-08-25,0.7475571083998216
2015-08-26,0.7418033719538444
2015-08-27,0.7370380598512568
2015-08-28,0.7333838527648925
2015-08-31,0.7292639614943204
2015-09-01,0.7250785712546975
2015-09-02,0.7229740176676263
2015-09-07,0.7208501706837956
2015-09-08,0.7206855644193377
2015-09-09,0.7182277684087846
2015-09-10,0.7170115695755506
2015-09-11,0.7124096732678705
2015-09-14,0.7128445868241516
2015-09-15,0.714791006592673
2015-09-16,0.7109894522724434
2015-09-17,0.7085452691252281
2015-09-18,0.7097609150653436
2015-09-21,0.7107414298114649
2015-09-22,0.710095175052196
2015-09-23,0.7109555966632818
2015-09-24,0.7114242897892863
2015-09-25,0.7118956437459684
2015-09-28,0.7094428260694053
2015-09-29,0.7004734074925133
2015-09-30,0.6997686540753999
2015-10-08,0.7036875317590845
2015-10-09,0.7031039071071856
2015-10-12,0.6965764191780449
2015-10-13,0.6754378556131352
2015-10-14,0.6828120501493968
2015-10-15,0.6889733618605034
2015-10-16,0.6939425048391812
2015-10-19,0.6918618803020863
2015-10-20,0.6897843035741955
2015-10-21,0.6944905866435518
2015-10-22,0.6940715088583244
2015-10-23,0.6977334207121371
2015-10-26,0.7009153102595426
2015-10-27,0.7028186894266172
2015-10-28,0.7047058394929849
2015-10-29,0.70841171373305
2015-10-30,0.7094560109877542
2015-11-02,0.7048371755003923
2015-11-03,0.7046621833537529
2015-11-04,0.6919061749574446
2015-11-05,0.6956403530161721
2015-11-06,0.701728956149511
2015-11-09,0.7023128220332843
2015-11-10,0.6837068000248933
2015-11-11,0.6894139603008362
2015-11-12,0.6914362143195874
2015-11-13,0.6956060433862127
2015-11-16,0.6988245973149553
2015-11-17,0.7015333967308451
2015-11-18,0.703698191133436
2015-11-19,0.7000124011291267
2015-11-20,0.7041716552751226
2015-11-23,0.7061428671840105
2015-11-24,0.6992674899437288
2015-11-25,0.6945419325066109
2015-11-26,0.6957267635458967
2015-11-27,0.6952308878254043
2015-11-30,0.701947619144254
2015-12-01,0.7027680628829658
2015-12-02,0.7034258621052992
2015-12-03,0.7153726600770587
2015-12-04,0.7119529271408324
2015-12-07,0.7077588515396356
2015-12-08,0.7085931259012853
2015-12-09,0.7080443554336326
2015-12-10,0.7092029025381269
2015-12-11,0.7101467731650405
2015-12-14,0.7063047639735276
2015-12-15,0.7168790301199381
2015-12-16,0.7106338240502754
2015-12-17,0.7128732190221614
2015-12-18,0.7151143295024266
2015-12-21,0.7203844958968518
2015-12-22,0.7124870269000344
2015-12-23,0.6753777736573048
2015-12-24,0.6509325521661447
2015-12-25,0.6615136786657217
2015-12-28,0.6712421446657241
2015-12-29,0.6794460850076369
2015-12-30,0.6950157276397223
2015-12-31,0.6999577412760777
2016-01-04,0.7012197727733246
2016-01-05,0.6870253172440652
2016-01-06,0.6916561973712446
2016-01-07,0.6933435947550219
2016-01-08,0.6980688216325763
2016-01-11,0.7121946681672607
2016-01-12,0.7126705640053216
2016-01-13,0.7148685947620649
2016-01-14,0.6993546626780535
2016-01-15,0.69853624603638
2016-01-18,0.7020046951535208
2016-01-19,0.7135208484551145
2016-01-20,0.7140989348640979
2016-01-21,0.7120224287886379
2016-01-22,0.7127312853721055
2016-01-25,0.7123541919100779
2016-01-26,0.7127294106656719
2016-01-27,0.7127907677995753
2016-01-28,0.7132015027537021
2016-01-29,0.6964826501201041
2016-02-01,0.6992619328728572
2016-02-02,0.7008201617442154
2016-02-03,0.7033169088163981
2016-02-04,0.7053932223180894
2016-02-05,0.6950101686698485
2016-02-15,0.6964309549727951
2016-02-16,0.6991049762253762
2016-02-17,0.6924473340577685
2016-02-18,0.6932882092157706
2016-02-19,0.6960239449897963
2016-02-22,0.6975576109355147
2016-02-23,0.7114477348461781
2016-02-24,0.6909932068134328
2016-02-25,0.6938045562199823
2016-02-26,0.6979911592238405
2016-02-29,0.6989851334679882
2016-03-01,0.7029357410166509
2016-03-02,0.7067031472133456
2016-03-03,0.6999211142760543
2016-03-04,0.7010217674297765
2016-03-07,0.7079188514736408
2016-03-08,0.6648342707982979
2016-03-09,0.6372223094935855
2016-03-10,0.646264298577326
2016-03-11,0.6546326379168236
2016-03-14,0.6635910242002343
2016-03-15,0.6713839453110281
2016-03-16,0.678408187818495
2016-03-17,0.6828482245650646
2016-03-18,0.6894062375379532
2016-03-21,0.696794809683307
2016-03-22,0.7012313802741738
2016-03-23,0.7034404696949824
2016-03-24,0.7064988638425687
2016-03-25,0.7066435295118078
2016-03-28,0.7065731005196889
2016-03-29,0.7017368795094187
2016-03-30,0.7033824504438101
2016-03-31,0.7065362736992041
2016-04-01,0.7080940532430882
2016-04-05,0.7131977201165771
2016-04-06,0.712057472856175
2016-04-07,0.7067813179782865
2016-04-08,0.7099121678723219
2016-04-11,0.7110996290462706
2016-04-12,0.7222331155994702
2016-04-13,0.7218340106887091
2016-04-14,0.6697175808867538
2016-04-15,0.6764443696512866
2016-04-18,0.6843295473401835
2016-04-19,0.6983995602335729
2016-04-20,0.7078533350157836
2016-04-21,0.7160936619203824
2016-04-22,0.7207657982610072
2016-04-25,0.7206037952854967
2016-04-26,0.7180531124846934
2016-04-27,0.7218300960708057
2016-04-28,0.714660900394422
2016-04-29,0.7162191657961049
2016-05-03,0.7153838471520817
2016-05-04,0.7152282575018352
2016-05-05,0.7159958009147578
2016-05-06,0.7163360425270157
2016-05-09,0.7073013738945316
2016-05-10,0.7230095373363429
2016-05-11,0.7207478921511073
2016-05-12,0.7166115386400477
2016-05-13,0.7154140756655112
2016-05-16,0.7142515821160674
2016-05-17,0.7159468692235236
2016-05-18,0.7126696751472122
2016-05-19,0.7054000852725435
2016-05-20,0.7071805768796695
2016-05-23,0.7082240864401399
2016-05-24,0.7196867328811343
2016-05-25,0.713369714184172
2016-05-26,0.7118423792290538
2016-05-27,0.7105175349155857
2016-05-30,0.7162250564306893
2016-05-31,0.7164415052535863
2016-06-01,0.7154945392584908
2016-06-02,0.716230218069961
2016-06-03,0.7161270659127582
2016-06-06,0.7153655850047989
2016-06-07,0.7089679893067169
2016-06-08,0.6956388525506353
2016-06-13,0.6990287358860197
2016-06-14,0.7030840928251215
2016-06-15,0.6987946719740211
2016-06-16,0.7007803403043278
2016-06-17,0.7035149826822955
2016-06-20,0.7020120226187102
2016-06-21,0.7050599741216038
2016-06-22,0.7035425435514265
2016-06-23,0.7017799348502115
2016-06-24,0.704284934313755
2016-06-27,0.7062521507634576
2016-06-28,0.7163925098978703
2016-06-29,0.7122829923097191
2016-06-30,0.7116639712818582
2016-07-01,0.71556761528183
2016-07-04,0.7153724869737675
2016-07-05,0.7160443419791737
2016-07-06,0.7164115726857893
2016-07-07,0.7159764233153
2016-07-08,0.7155798323416673
2016-07-11,0.7139895947284361
2016-07-12,0.7141291142589343
2016-07-13,0.7268129268924923
2016-07-14,0.7234358203374958
2016-07-15,0.7217741961381606
2016-07-18,0.7204386887105065
2016-07-19,0.7343029819185163
2016-07-20,0.7263148016051888
2016-07-21,0.7241013979464838
2016-07-22,0.7306271222910642
2016-07-25,0.7233904630839284
2016-07-26,0.71897783916714
2016-07-27,0.7166176364001559
2016-07-28,0.7153535959739888
2016-07-29,0.7160637174596637
2016-08-01,0.7191605038443597
2016-08-02,0.7221098515291855
2016-08-03,0.7206498407214366
2016-08-04,0.7197086963525354
2016-08-05,0.7204680388101511
2016-08-08,0.7203120905438656
2016-08-09,0.7234953914431478
2016-08-10,0.7191997499300994
2016-08-11,0.7183649990187922
2016-08-12,0.7151940926580742
2016-08-15,0.7149751881228389
2016-08-16,0.7147573497588999
2016-08-17,0.7152866945754077
2016-08-18,0.7096424224367638
2016-08-19,0.7093813692688813
2016-08-22,0.7098985222128537
2016-08-23,0.7037871630856343
2016-08-24,0.7097420059448537
2016-08-25,0.7104708965660783
2016-08-26,0.7110685223236758
2016-08-29,0.7135578978063568
2016-08-30,0.7107362780473829
2016-08-31,0.7040720990492099
2016-09-01,0.7090959418082972
2016-09-02,0.6956282286892821
2016-09-05,0.697207339132867
2016-09-06,0.6764443969472073
2016-09-07,0.6841253222251948
2016-09-08,0.6893824493473388
2016-09-09,0.6947338868430081
2016-09-12,0.6973165942945312
2016-09-13,0.7054670912997429
2016-09-14,0.7065604125131951
2016-09-19,0.7075666632794344
2016-09-20,0.7085606351659394
2016-09-21,0.7098769381273886
2016-09-22,0.707452536772625
2016-09-23,0.7056974228356178
2016-09-26,0.7082314002664369
2016-09-27,0.7065916058677372
2016-09-28,0.7073600223850862
2016-09-29,0.7082939958586153
2016-09-30,0.70511662441023
2016-10-10,0.7055101721499834
2016-10-11,0.7053485844077814
2016-10-12,0.7334008444432168
2016-10-13,0.7318584720307582
2016-10-14,0.7283527925589266
2016-10-17,0.7249448613828683
2016-10-18,0.7229154649718114
2016-10-19,0.7212281187731132
2016-10-20,0.7204968554455793
2016-10-21,0.7185771238315276
2016-10-24,0.7182490803810441
2016-10-25,0.7171087010486533
2016-10-26,0.7274493306351625
2016-10-27,0.7234678130143125
2016-10-28,0.7217794578403172
2016-10-31,0.7236870716266076
2016-11-01,0.7267760790647771
2016-11-02,0.7303068088590599
2016-11-03,0.7285595266325917
2016-11-04,0.7214278702788008
2016-11-07,0.7191958548712233
2016-11-08,0.7427610753869296
2016-11-09,0.7344197468842447
2016-11-10,0.7351090218043056
2016-11-11,0.730534923557729
2016-11-14,0.7293003435543082
2016-11-15,0.7253566992679467
2016-11-16,0.7296360295548113
2016-11-17,0.7261843935026993
2016-11-18,0.7240228917926753
2016-11-21,0.720566028176983
2016-11-22,0.7190166714636426
2016-11-23,0.7378543742725981
2016-11-24,0.7348180890715159
2016-11-25,0.7304956345196998
2016-11-28,0.7347092506585288
2016-11-29,0.7322002377719944
2016-11-30,0.7345637326709655
2016-12-01,0.7332903591480563
2016-12-02,0.7447153716876285
2016-12-05,0.7375146601825454
2016-12-06,0.7341394537184535
2016-12-07,0.731206708316453
2016-12-08,0.7304307083008478
2016-12-09,0.7267359894658033
2016-12-12,0.7242478523529545
2016-12-13,0.7090016826386791
2016-12-14,0.7099605271669327
2016-12-15,0.7132361454175579
2016-12-16,0.7122379747840892
2016-12-19,0.7050234630561345
2016-12-20,0.707917837620864
2016-12-21,0.7091503247942001
2016-12-22,0.7101920998525207
2016-12-23,0.6958478759359821
2016-12-26,0.6921822478637981
2016-12-27,0.6980260863957503
2016-12-28,0.7037789882421366
2016-12-29,0.6979767469786992
2016-12-30,0.7018899911968499
2017-01-03,0.705378663192186
2017-01-04,0.7071914158505723
2017-01-05,0.7017608497603294
2017-01-06,0.7029465496018444
2017-01-09,0.7094569886996734
2017-01-10,0.6932621959509122
2017-01-11,0.702463328550895
2017-01-12,0.704801256726032
2017-01-13,0.7065195247142544
2017-01-16,0.7083478717596275
2017-01-17,0.7142449316109628
2017-01-18,0.7165106712615488
2017-01-19,0.7154326049737989
2017-01-20,0.7165074914171916
2017-01-23,0.7114146223953222
2017-01-24,0.7120338121452556
2017-01-25,0.7050570536323261
2017-01-26,0.7068552817974896
2017-02-03,0.7067433447595377
2017-02-06,0.6708053405850379
2017-02-07,0.6726062385042468
2017-02-08,0.6782911594820463
2017-02-09,0.6848578372356607
2017-02-10,0.6909529177353126
2017-02-13,0.6895114933860694
2017-02-14,0.6965395304232516
2017-02-15,0.6975733505898858
2017-02-16,0.7016636017748379
2017-02-17,0.7039786787837515
2017-02-20,0.7087134316340682
2017-02-21,0.7097587565292567
2017-02-22,0.7092787273827131
2017-02-23,0.7114204944099171
2017-02-24,0.7142323908496722
2017-02-27,0.6856476581273213
2017-02-28,0.7009493908263835
2017-03-01,0.7011663818090655
2017-03-02,0.7011592937250515
2017-03-03,0.7037721063662062
2017-03-06,0.7032882774709596
2017-03-07,0.7042794554524683
2017-03-08,0.7050076127080238
2017-03-09,0.7082801471126592
2017-03-10,0.7085081438929274
2017-03-13,0.7103458484838968
2017-03-14,0.702760393681682
2017-03-15,0.7045871456821947
2017-03-16,0.7077528912670462
2017-03-17,0.7069707961630697
2017-03-20,0.7085274847209502
2017-03-21,0.7097593625686653
2017-03-22,0.7149014831275922
2017-03-23,0.7126005558247553
2017-03-24,0.7129192356437986
2017-03-27,0.7116519660674956
2017-03-28,0.7221688553323281
2017-03-29,0.7054941376142371
2017-03-30,0.7029890423432719
2017-03-31,0.7033702320991332
2017-04-05,0.7057783430508543
2017-04-06,0.7071323394135116
2017-04-07,0.7086372359564469
2017-04-10,0.7134837665576931
2017-04-11,0.7137960168750124
2017-04-12,0.7136218624500401
2017-04-13,0.7250348741831202
2017-04-14,0.7216990375945778
2017-04-17,0.7202758677307594
2017-04-18,0.7191237932261175
2017-04-19,0.7256130557409629
2017-04-20,0.7234250033243649
2017-04-21,0.7173861817478108
2017-04-24,0.7173256084015032
2017-04-25,0.7147848706964075
2017-04-26,0.7160130262577886
2017-04-27,0.7154101164531019
2017-04-28,0.7131164007122937
2017-05-02,0.721030840132022
2017-05-03,0.7142522396465004
2017-05-04,0.7151420856126549
2017-05-05,0.7544269217312616
2017-05-08,0.7475533108368884
2017-05-09,0.7424759011156907
2017-05-10,0.7366031040276158
2017-05-11,0.7332214826174188
2017-05-12,0.7294121790834701
2017-05-15,0.722047696888702
2017-05-16,0.7244884223954968
2017-05-17,0.722670887335646
2017-05-18,0.7296883514205397
2017-05-19,0.7268906250370214
2017-05-22,0.7272140794167816
2017-05-23,0.7231210131945772
2017-05-24,0.7213607297952059
2017-05-25,0.7203694346611036
2017-05-26,0.7190931392766408
2017-05-31,0.717700589956028
2017-06-01,0.7139564999751351
2017-06-02,0.7138373736195216
2017-06-05,0.7137556433033827
2017-06-06,0.7180081399652904
2017-06-07,0.7173973125431694
2017-06-08,0.7166675471586699
2017-06-09,0.716579744972365
2017-06-12,0.7260672799581291
2017-06-13,0.7244586514340771
2017-06-14,0.7198582762554433
2017-06-15,0.7193287054941799
2017-06-16,0.7213290066893552
2017-06-19,0.7151007676796802
2017-06-20,0.7189845150426397
2017-06-21,0.7181578299113126
2017-06-22,0.7177348998432718
2017-06-23,0.7147082686359003
2017-06-26,0.7128577167363073
2017-06-27,0.7108250257694091
2017-06-28,0.708440087276963
2017-06-29,0.710992242116462
2017-06-30,0.7115505364585935
2017-07-03,0.7109185743664043
2017-07-04,0.717735229365592
2017-07-05,0.714593240820737
2017-07-06,0.7159390264781165
2017-07-07,0.7155219333876175
2017-07-10,0.7143861240569715
2017-07-11,0.7131787840493624
2017-07-12,0.7266502412145841
2017-07-13,0.7248015692504893
2017-07-14,0.7253416277235739
2017-07-17,0.724458241438342
2017-07-18,0.7293013524613658
2017-07-19,0.7253835090980673
2017-07-20,0.7250334747634698
2017-07-21,0.7307027154175362
2017-07-24,0.7272524487702222
2017-07-25,0.723505852918995
2017-07-26,0.7202093420674015
2017-07-27,0.7166408831043879
2017-07-28,0.7119391939611331
2017-07-31,0.7112705718721223
2017-08-01,0.7195682385658846
2017-08-02,0.7165029022750842
2017-08-03,0.715465786940295
2017-08-04,0.7144068680939589
2017-08-07,0.7196384887964822
2017-08-08,0.7223835832942117
2017-08-09,0.7209582214344313
2017-08-10,0.7117375811138621
2017-08-11,0.7041995571165964
2017-08-14,0.7098478408696415
2017-08-15,0.7127910266543043
2017-08-16,0.7131105843229844
2017-08-17,0.7044775763433261
2017-08-18,0.7074947903807104
2017-08-21,0.7050853901330091
2017-08-22,0.708232646557115
2017-08-23,0.7092436666180434
2017-08-24,0.724867306842657
2017-08-25,0.7244637972315883
2017-08-28,0.7244459048678328
2017-08-29,0.7230187353150456
2017-08-30,0.7215895707185866
2017-08-31,0.7182159006854639
2017-09-01,0.7160053424778484
2017-09-04,0.7269433350100708
2017-09-05,0.7117862254683818
2017-09-06,0.7122212332128658
2017-09-07,0.716265246051484
2017-09-08,0.7158641869323145
2017-09-11,0.7162409010432315
2017-09-12,0.713519533660556
2017-09-13,0.7139258220811899
2017-09-14,0.7144504154786071
2017-09-15,0.7155132291729576
2017-09-18,0.7152761071901201
2017-09-19,0.7153746717211984
2017-09-20,0.711938126917666
2017-09-21,0.702412736586491
2017-09-22,0.7122447905764792
2017-09-25,0.7249851590849228
2017-09-26,0.7208331053189401
2017-09-27,0.719192379638341
2017-09-28,0.7214531817183364
2017-09-29,0.7190676426529738
2017-10-09,0.7108128493411454
2017-10-10,0.6722836442674774
2017-10-11,0.6880609062669588
2017-10-12,0.6933464623122484
2017-10-13,0.7017876158409384
2017-10-16,0.7075119478776615
2017-10-17,0.7092297435754648
2017-10-18,0.7044101066973862
2017-10-19,0.7062678280590283
2017-10-20,0.713256424888876
2017-10-23,0.7232573302133871
2017-10-24,0.7214404888323859
2017-10-25,0.7197015086727565
2017-10-26,0.7189328278123444
2017-10-27,0.7223077304162712
2017-10-30,0.7252146556273744
2017-10-31,0.7228113373151724
2017-11-01,0.7221571791018411
2017-11-02,0.724026837320333
2017-11-03,0.7212360432743788
2017-11-06,0.7199781250405682
2017-11-07,0.7290021758184275
2017-11-08,0.7271293600590651
2017-11-09,0.7240583535295604
2017-11-10,0.7218556978339675
2017-11-13,0.7224758110518051
2017-11-14,0.7220531569115913
2017-11-15,0.7198532224200827
2017-11-16,0.7197912351424132
2017-11-17,0.7188982666864568
2017-11-20,0.7212324964600907
2017-11-21,0.7216246783008686
2017-11-22,0.6937207627721044
2017-11-23,0.6985665210238721
2017-11-24,0.702630499383857
2017-11-27,0.703369351597406
2017-11-28,0.6963677881162892
2017-11-29,0.7007162498358463
2017-11-30,0.7056111066256865
2017-12-01,0.6992643814654659
2017-12-04,0.7019328072081091
2017-12-05,0.7104228286023486
2017-12-06,0.7108318726285039
2017-12-07,0.7171474473777957
2017-12-08,0.7213737348054802
2017-12-11,0.7229667650750524
2017-12-12,0.7165279651124589
2017-12-13,0.7140523745880337
2017-12-14,0.7160070544356136
2017-12-15,0.7157899470794928
2017-12-18,0.7120901705941268
2017-12-19,0.7092018489611248
2017-12-20,0.7099739666721893
2017-12-21,0.7107933232510636
2017-12-22,0.7126256460380225
2017-12-25,0.7155816687789621
2017-12-26,0.7271760063118365
2017-12-27,0.7222303302279
2017-12-28,0.7207096475222715
2017-12-29,0.7191433292364109
2018-01-02,0.7183157922822316
2018-01-03,0.7183760641193199
2018-01-04,0.718978935167676
2018-01-05,0.7180345610581473
2018-01-08,0.7184036331376563
2018-01-09,0.7155287561751366
2018-01-10,0.7153970747187499
2018-01-11,0.7132124556225478
2018-01-12,0.7121379842910964
2018-01-15,0.7126902318114315
2018-01-16,0.7110078767838456
2018-01-17,0.7114506164072271
2018-01-18,0.703450781771911
2018-01-19,0.7035569701601045
2018-01-22,0.707103564860213
2018-01-23,0.7077201194004232
2018-01-24,0.7090857284855203
2018-01-25,0.7117896577996199
2018-01-26,0.7104693722508423
2018-01-29,0.7111380847968913
2018-01-30,0.709569750401195
2018-01-31,0.7094446698393048
2018-02-01,0.7092145649502402
2018-02-02,0.7072779939121889
2018-02-05,0.7012704685239373
2018-02-06,0.7038887467514022
2018-02-07,0.705425305810066
2018-02-08,0.7072787773041777
2018-02-09,0.7059206142868957
2018-02-12,0.6968909487578829
2018-02-13,0.6999413223557145
2018-02-14,0.7025570300655687
2018-02-22,0.7049773582479998
2018-02-23,0.6365550691689388
2018-02-26,0.6473570045675083
2018-02-27,0.6699975811357646
2018-02-28,0.6778625194990039
2018-03-01,0.6848437702660936
2018-03-02,0.6904855900758449
2018-03-05,0.6888620982988497
2018-03-06,0.7000111726278491
2018-03-07,0.7027784057461234
2018-03-08,0.714045633494759
2018-03-09,0.719327330337167
2018-03-12,0.722637253822448
2018-03-13,0.7207428989796836
2018-03-14,0.7195023905214835
2018-03-15,0.7206937034484743
2018-03-16,0.7195202048161047
2018-03-19,0.7171068478116459
2018-03-20,0.7165559585267169
2018-03-21,0.7158236402562643
2018-03-22,0.7249615369068312
2018-03-23,0.7228071732347453
2018-03-26,0.7599049763992007
2018-03-27,0.752439102673709
2018-03-28,0.7479402204019173
2018-03-29,0.7419825214950986
2018-03-30,0.7311963840627735
2018-04-02,0.7210085098787692
2018-04-03,0.709562167742444
2018-04-04,0.710604943672273
2018-04-09,0.7104517891834988
2018-04-10,0.7152540755808995
2018-04-11,0.629415760929839
2018-04-12,0.6458334311202939
2018-04-13,0.6578740100356811
2018-04-16,0.6662079777025195
2018-04-17,0.6545735216839208
2018-04-18,0.6670987667515221
2018-04-19,0.6795055759470516
2018-04-20,0.6855406807267299
2018-04-23,0.6904882190766864
2018-04-24,0.698675197074189
2018-04-25,0.7017624367803422
2018-04-26,0.7017699776063953
2018-04-27,0.7042892027002985
2018-05-02,0.7055557763733512
2018-05-03,0.7152794513967936
2018-05-04,0.7030441499871776
2018-05-07,0.705298012055454
2018-05-08,0.7070903857311912
2018-05-09,0.7085030704448165
2018-05-10,0.7118858249834156
2018-05-11,0.7125404027203243
2018-05-14,0.7153860504642474
2018-05-15,0.7152831065529855
2018-05-16,0.7144745050720978
2018-05-17,0.7143504372083589
2018-05-18,0.7147770871531313
2018-05-21,0.7089042943810843
2018-05-22,0.7101913091834118
2018-05-23,0.7080135751599658
2018-05-24,0.7128582591969197
2018-05-25,0.714348544584665
2018-05-28,0.7143545300408845
2018-05-29,0.7138153969795636
2018-05-30,0.7083182746345181
2018-05-31,0.7026523117266872
2018-06-01,0.7051359820810836
2018-06-04,0.707031098030567
2018-06-05,0.7087644744175575
2018-06-06,0.707290969589477
2018-06-07,0.7086568118596231
2018-06-08,0.7104287176027971
2018-06-11,0.7112254534510604
2018-06-12,0.7114354030652424
2018-06-13,0.7140347808045274
2018-06-14,0.7138966998840311
2018-06-15,0.7145326356705605
2018-06-19,0.7148029038902193
2018-06-20,0.7206933504420306
2018-06-21,0.717821290453918
2018-06-22,0.715378153185241
2018-06-25,0.714873925030571
2018-06-26,0.7152694713259471
2018-06-27,0.718003439394145
2018-06-28,0.716251340418387
2018-06-29,0.7157666036191667
2018-07-02,0.7175788114536648
2018-07-03,0.7209999396420678
2018-07-04,0.716761162354946
2018-07-05,0.7168246383193505
2018-07-06,0.7180509439475521
2018-07-09,0.7170045077390217
2018-07-10,0.7159649280879608
2018-07-11,0.7183677297465252
2018-07-12,0.715912991648235
2018-07-13,0.7157299234918143
2018-07-16,0.715552271157849
2018-07-17,0.7108483461164926
2018-07-18,0.7114645313856784
2018-07-19,0.7119140622795066
2018-07-20,0.706868760555678
2018-07-23,0.7003443864099171
2018-07-24,0.7024684958198054
2018-07-25,0.7064723460414236
2018-07-26,0.7027650683851311
2018-07-27,0.7050423843762771
2018-07-30,0.7208575133902146
2018-07-31,0.718671229334148
2018-08-01,0.7178618524132155
2018-08-02,0.717520874065854
2018-08-03,0.717107516733184
2018-08-06,0.7157435842216757
2018-08-07,0.7150833106163179
2018-08-08,0.7152631097735227
2018-08-09,0.7122868963859349
2018-08-10,0.7125591771472465
2018-08-13,0.712406458344126
2018-08-14,0.7168759026065372
2018-08-15,0.7163270193937664
2018-08-16,0.7158324855799575
2018-08-17,0.715194556599404
2018-08-20,0.7198141822837341
2018-08-21,0.7196912808295602
2018-08-22,0.7147515331240625
2018-08-23,0.7143206780698916
2018-08-24,0.7141904434343878
2018-08-27,0.7133490694690692
2018-08-28,0.7097798871652875
2018-08-29,0.7058855084671612
2018-08-30,0.7050004195743829
2018-08-31,0.7080385389692011
2018-09-03,0.7129106024892993
2018-09-04,0.7113064371447638
2018-09-05,0.7111657681746615
2018-09-06,0.712114242941476
2018-09-07,0.7128358687689453
2018-09-10,0.7069654008506387
2018-09-11,0.7103947838420995
2018-09-12,0.7255448233020552
2018-09-13,0.7175339705057898
2018-09-14,0.7161948916238007
2018-09-17,0.7155669138734586
2018-09-18,0.7088077079711163
2018-09-19,0.7075659929572116
2018-09-20,0.7052614238124525
2018-09-21,0.7068975147371406
2018-09-25,0.7071961297269439
2018-09-26,0.708085970922753
2018-09-27,0.7097974375463195
2018-09-28,0.7124039923845208
2018-10-08,0.709401745114165
2018-10-09,0.7098286877566969
2018-10-10,0.7124030164609416
2018-10-11,0.7128057715244708
2018-10-12,0.7136033215829991
2018-10-15,0.7131331853870633
2018-10-16,0.7113765209693865
2018-10-17,0.7091083626310356
2018-10-18,0.708964571494691
2018-10-19,0.712480787871845
2018-10-22,0.7119138740467894
2018-10-23,0.7127668119170385
2018-10-24,0.7140954919521303
2018-10-25,0.7107557281530057
2018-10-26,0.710691874051165
2018-10-29,0.7108670904037862
2018-10-30,0.7203109773291542
2018-10-31,0.7191456034947281
2018-11-01,0.7169652178384451
2018-11-02,0.7244520301389822
2018-11-05,0.7165614108677765
2018-11-06,0.7154162812081232
2018-11-07,0.7146324841367877
2018-11-08,0.7124662690079215
2018-11-09,0.6939865672542247
2018-11-12,0.6958657796070179
2018-11-13,0.6948991486351908
2018-11-14,0.6985917436432872
2018-11-15,0.7011664484670563
2018-11-16,0.7037553694534245
2018-11-19,0.7057737708694725
2018-11-20,0.7072436050786611
2018-11-21,0.7100522384918307
2018-11-22,0.6993463294373761
2018-11-23,0.7013309159810791
2018-11-26,0.7044328600040582
2018-11-27,0.7056097849383739
2018-11-28,0.705894570628605
2018-11-29,0.7078293561202876
2018-11-30,0.7090894914051301
2018-12-03,0.7099017806314499
2018-12-04,0.5009852593128479
2018-12-05,0.536659935368559
2018-12-06,0.5705697595241772
2018-12-07,0.5985703024479662
2018-12-10,0.6189278132117676
2018-12-11,0.6358923114132925
2018-12-12,0.6489783942151649
2018-12-13,0.6610395341576722
2018-12-14,0.6823061411185474
2018-12-17,0.6879901536442925
2018-12-18,0.68871227802139
2018-12-19,0.6936383093661499
2018-12-20,0.6975573521925051
2018-12-21,0.7008183755755818
2018-12-24,0.7027019641906386
2018-12-25,0.7064262497909405
2018-12-26,0.7101250686073161
2018-12-27,0.7102546723328511
2018-12-28,0.7114818925540533
2019-01-02,0.7088986466405729
2019-01-03,0.7123585293667182
2019-01-04,0.7139069068296012
2019-01-07,0.7138824444362143
2019-01-08,0.7156622916646237
2019-01-09,0.715500864518673
2019-01-10,0.7149345370942938
2019-01-11,0.714350717667771
2019-01-14,0.7119522122138048
2019-01-15,0.71182236258586
2019-01-16,0.7147133014996522
2019-01-17,0.7141232040333455
2019-01-18,0.7151582878437549
2019-01-21,0.7174829938335859
2019-01-22,0.714114408109954
2019-01-23,0.7147157813768107
2019-01-24,0.7144258160759668
2019-01-25,0.7148074611920071
2019-01-28,0.7144998962957103
2019-01-29,0.7050752202684921
2019-01-30,0.7002547682808327
2019-01-31,0.7029868301126553
2019-02-01,0.7034033720681641
2019-02-11,0.7021782911987006
2019-02-12,0.7027691217982776
2019-02-13,0.7063481968907849
2019-02-14,0.7121460928848654
2019-02-15,0.7121986552704198
2019-02-18,0.7139062266930188
2019-02-19,0.7111892157020101
2019-02-20,0.7119202487510616
2019-02-21,0.7091555156809746
2019-02-22,0.7101869783362664
2019-02-25,0.7128804703058844
2019-02-26,0.7100486899203606
2019-02-27,0.7106499728876445
2019-02-28,0.7103660040205089
2019-03-01,0.7079255359871274
2019-03-04,0.7129505953904929
2019-03-05,0.7114619035027797
2019-03-06,0.7121868409575962
2019-03-07,0.7130080572029501
2019-03-08,0.7130271735867645
2019-03-11,0.7133830163008285
2019-03-12,0.7132084670987272
2019-03-13,0.7229916904362188
2019-03-14,0.7207718663286865
2019-03-15,0.7200106271300318
2019-03-18,0.7187783302460976
2019-03-19,0.7129659868470497
2019-03-20,0.7129239785144885
2019-03-21,0.7130802765443951
2019-03-22,0.7126933102030085
2019-03-25,0.712239638719242
2019-03-26,0.7106565970828959
2019-03-27,0.7089613533772366
2019-03-28,0.7097243082288208
2019-03-29,0.7107385784808702
2019-04-01,0.7008434000783889
2019-04-02,0.7039335049103029
2019-04-03,0.704649823492411
2019-04-04,0.7092552154219784
2019-04-08,0.7109363106022544
2019-04-09,0.5351694565614815
2019-04-10,0.567240227097227
2019-04-11,0.593201295415159
2019-04-12,0.615494677660612
2019-04-15,0.6340066034940303
2019-04-16,0.654596691611794
2019-04-17,0.6652542038391028
2019-04-18,0.6740180204049534
2019-04-19,0.6861186220555149
2019-04-22,0.6918309446129066
2019-04-23,0.6923898470363257
2019-04-24,0.6963834016491961
2019-04-25,0.6999950395164688
2019-04-26,0.7014132935444396
2019-04-29,0.7024735891444579
2019-04-30,0.7070017383658912
2019-05-06,0.7161858748105451
2019-05-07,0.7117230520003532
2019-05-08,0.7127574373407005
2019-05-09,0.7144279317773696
2019-05-10,0.7148702203607079
2019-05-13,0.714922930713859
2019-05-14,0.7150577199455171
2019-05-15,0.712452374192161
2019-05-16,0.7099412554792538
2019-05-17,0.7111720191811852
2019-05-20,0.7132267092530152
2019-05-21,0.7156661243498906
2019-05-22,0.7131721669461374
2019-05-23,0.7133755885826906
2019-05-24,0.7147471673957947
2019-05-27,0.7147524266496351
2019-05-28,0.7094328106004362
2019-05-29,0.7096637199550954
2019-05-30,0.7053048049565179
2019-05-31,0.7084909934993677
2019-06-03,0.7098239811805424
2019-06-04,0.7149452903206185
2019-06-05,0.7101624351983354
2019-06-06,0.7107731385917586
2019-06-10,0.7096399806822166
2019-06-11,0.7115463680396329
2019-06-12,0.7151657347620336
2019-06-13,0.7165140216713838
2019-06-14,0.7111837892348325
2019-06-17,0.7117479927599308
2019-06-18,0.7138890629576585
2019-06-19,0.713495222686062
2019-06-20,0.7143093628817296
2019-06-21,0.7116238000062262
2019-06-24,0.7112055626407053
2019-06-25,0.7231806376060108
2019-06-26,0.7220317522940376
2019-06-27,0.7206853426149984
2019-06-28,0.7191080184007522
2019-07-01,0.7164555578256863
2019-07-02,0.7103889817381196
2019-07-03,0.7168372575760356
2019-07-04,0.716422211296087
2019-07-05,0.7156403149738879
2019-07-08,0.7161219155926047
2019-07-09,0.7146321995084003
2019-07-10,0.7173237816915106
2019-07-11,0.7179034921477527
2019-07-12,0.7166761272072936
2019-07-15,0.715661055474428
2019-07-16,0.7079833146164987
2019-07-17,0.7039608323190767
2019-07-18,0.7050403028007376
2019-07-19,0.7073329703015133
2019-07-22,0.7081843923684683
2019-07-23,0.7091782984063619
2019-07-24,0.7102626585515727
2019-07-25,0.7126406610952785
2019-07-26,0.715568836061636
2019-07-29,0.7146493125386211
2019-07-30,0.7177962362282535
2019-07-31,0.7174686530366152
2019-08-01,0.7179608302803687
2019-08-02,0.7185436150656435
2019-08-05,0.7204406821689048
2019-08-06,0.7259870143406989
2019-08-07,0.7248432762093239
2019-08-08,0.7229249347985383
2019-08-09,0.7193426200613683
2019-08-12,0.7230902758430802
2019-08-13,0.7180194166575837
2019-08-14,0.7091413285652249
2019-08-15,0.7098193073364565
2019-08-16,0.7093293348640449
2019-08-19,0.7105403327691503
2019-08-20,0.7117701532123678
2019-08-21,0.7141036886529593
2019-08-22,0.7123958387391586
2019-08-23,0.7117155938331555
2019-08-26,0.712066382890005
2019-08-27,0.7208544102806573
2019-08-28,0.7365068368099515
2019-08-29,0.7294344601093149
2019-08-30,0.7237903496975251
2019-09-02,0.6549444253423236
2019-09-03,0.6672259310251344
2019-09-04,0.6737888998201818
2019-09-05,0.6815190945194488
2019-09-06,0.6871241771415093
2019-09-09,0.6953885377340142
2019-09-10,0.7102048439896532
2019-09-11,0.7109733300253251
2019-09-12,0.7116070008494023
2019-09-16,0.7092862876443957
2019-09-17,0.7054851253115665
2019-09-18,0.7084789671201093
2019-09-19,0.7100454648409709
2019-09-20,0.7193445266439278
2019-09-23,0.7188160336786272
2019-09-24,0.7265009158736365
2019-09-25,0.7237893350323988
2019-09-26,0.7212937650412202
2019-09-27,0.7221590262631996
2019-09-30,0.7209805929828678
2019-10-08,0.7187345142925521
2019-10-09,0.718986048151543
2019-10-10,0.7151716327024393
2019-10-11,0.7153641878223529
2019-10-14,0.716296517198272
2019-10-15,0.7146854765699555
2019-10-16,0.7105415091320477
2019-10-17,0.7106488785720046
2019-10-18,0.7076628583279932
2019-10-21,0.7087934121706366
2019-10-22,0.7103883754882833
2019-10-23,0.7094718498990805
2019-10-24,0.7101077126470949
2019-10-25,0.7069522791022802
2019-10-28,0.7084750297101498
2019-10-29,0.7088414816002531
2019-10-30,0.7091754375253341
2019-10-31,0.7102043100581859
2019-11-01,0.7076569832413907
2019-11-04,0.7069385736221396
2019-11-05,0.7081348353020546
2019-11-06,0.7096860597187641
2019-11-07,0.7094807773080394
2019-11-08,0.707744878725137
2019-11-11,0.7094321960515624
2019-11-12,0.7133182229542385
2019-11-13,0.7152678253993914
2019-11-14,0.7141718098678225
2019-11-15,0.7182518241303957
2019-11-18,0.7180003718774118
2019-11-19,0.7125487580596104
2019-11-20,0.7133261864153234
2019-11-21,0.7092023130324593
2019-11-22,0.7077818840616437
2019-11-25,0.7061837521452349
2019-11-26,0.7088956048383421
2019-11-27,0.7048904482556896
2019-11-28,0.7070295629870395
2019-11-29,0.7060553488373377
2019-12-02,0.705773240094188
2019-12-03,0.713764387336726
2019-12-04,0.711888201731987
2019-12-05,0.7129137295613702
2019-12-06,0.7137967166151501
2019-12-09,0.7139964757859939
2019-12-10,0.7210756089650072
2019-12-11,0.7182575396153212
2019-12-12,0.7207711788300762
2019-12-13,0.7143379376627059
2019-12-16,0.6989878141956456
2019-12-17,0.624947444354648
2019-12-18,0.638619210888043
2019-12-19,0.6518820481384813
2019-12-20,0.6631009831087077
2019-12-23,0.6728653019582145
2019-12-24,0.678602766051228
2019-12-25,0.682959815345968
2019-12-26,0.6846976905494304
2019-12-27,0.6889648535224274
2019-12-30,0.693819443649014
2019-12-31,0.6974081521507001
2020-01-02,0.7015307845488099
2020-01-03,0.703478553339532
2020-01-06,0.7055214703794012
2020-01-07,0.7040499440216383
2020-01-08,0.7060452854037762
2020-01-09,0.7021941646278305
2020-01-10,0.698796622454502
2020-01-13,0.6991857032284968
2020-01-14,0.7029308937992886
2020-01-15,0.7033844841873546
2020-01-16,0.7048029605868951
2020-01-17,0.7036361249196259
2020-01-20,0.7018690224999705
2020-01-21,0.7044238533216475
2020-01-22,0.7028705854932351
2020-01-23,0.7039788902856808
2020-02-03,0.7008382561736766
2020-02-04,0.807617332778132
2020-02-05,0.7920465922496914
2020-02-06,0.7800310913651867
2020-02-07,0.7691920940105409
2020-02-10,0.7591837164153447
2020-02-11,0.7501755070873074
2020-02-12,0.7413242274067243
2020-02-13,0.7358410315573253
2020-02-14,0.7317234623456471
2020-02-17,0.7268413681215293
2020-02-18,0.7240427481138237
2020-02-19,0.721111927986421
2020-02-20,0.7198670697608018
2020-02-21,0.7200123056858079
2020-02-24,0.7198552317646069
2020-02-25,0.7144484408026149
2020-02-26,0.7144799844399331
2020-02-27,0.7134283105698174
2020-02-28,0.7144134933974398
2020-03-02,0.7192598729070289
2020-03-03,0.7166422478589325
2020-03-04,0.7161381573784709
2020-03-05,0.7144232806466252
2020-03-06,0.7144293573401996
2020-03-09,0.7150013801791157
2020-03-10,0.7138155524800889
2020-03-11,0.714361380988062
2020-03-12,0.7141494928622841
2020-03-13,0.7109143389776206
2020-03-16,0.7097858665907236
2020-03-17,0.692690761900651
2020-03-18,0.6938767623023403
2020-03-19,0.695853529950476
2020-03-20,0.698385905207132
2020-03-23,0.6973262134360217
2020-03-24,0.7033225009152708
2020-03-25,0.6880941478970314
2020-03-26,0.6915632548731052
2020-03-27,0.6943645157577953
2020-03-30,0.6980297450717549
2020-03-31,0.6927803755868673
2020-04-01,0.6960326742712584
2020-04-02,0.6984040148656805
2020-04-03,0.6942271141706202
2020-04-07,0.6965964958182742
2020-04-08,0.7001743789792834
2020-04-09,0.7041771865025348
2020-04-10,0.707773524111738
2020-04-13,0.7102074188111827
2020-04-14,0.7080036326592601
2020-04-15,0.7089637339938761
2020-04-16,0.7090765886747972
2020-04-17,0.7087156606044314
2020-04-20,0.7082695697886948
2020-04-21,0.7092305593383488
2020-04-22,0.7098227856794529
2020-04-23,0.7099149135587554
2020-04-24,0.7111660111563097
2020-04-27,0.7121937323693921
2020-04-28,0.712331872491731
2020-04-29,0.7133744306839745
2020-04-30,0.7134951585461847
2020-05-06,0.7166229212223738
2020-05-07,0.7173369438136765
2020-05-08,0.7217191380259003
2020-05-11,0.7211532939202184
2020-05-12,0.7199276012234639
2020-05-13,0.7188098677111572
2020-05-14,0.7180067090854287
2020-05-15,0.7142476274882629
2020-05-18,0.7153247606717877
2020-05-19,0.7250553684951451
2020-05-20,0.7235912201277407
2020-05-21,0.7209463907973044
2020-05-22,0.7187011174221882
2020-05-25,0.7180846695342407
2020-05-26,0.7164027366260892
2020-05-27,0.7159498005350999
2020-05-28,0.7154003027901455
2020-05-29,0.7134306066206285
2020-06-01,0.7322638444288997
2020-06-02,0.7274735616029737
2020-06-03,0.7238697719669042
2020-06-04,0.7176362343466037
2020-06-05,0.7165988400729468
2020-06-08,0.7124477736262692
2020-06-09,0.7143036647991117
2020-06-10,0.7124017346874114
2020-06-11,0.7084343157928362
2020-06-12,0.7086159484162268
2020-06-15,0.7118586337413196
2020-06-16,0.7071184717992747
2020-06-17,0.7027847238532761
2020-06-18,0.702924008303719
2020-06-19,0.7109400277774537
2020-06-22,0.7132825104593382
2020-06-23,0.7121487602707636
2020-06-24,0.7128732482790858
2020-06-29,0.7127087410372128
2020-06-30,0.7088583790106769
2020-07-01,0.7105531843621752
2020-07-02,0.7116340854322368
2020-07-03,0.712235673040908
2020-07-06,0.7123233021919692
2020-07-07,0.7120790830679484
2020-07-08,0.7087955617275099
2020-07-09,0.7179350559246499
2020-07-10,0.7182091830578863
2020-07-13,0.7166046486075327
2020-07-14,0.7191647342195295
2020-07-15,0.7165878014724596
2020-07-16,0.7166365186255043
2020-07-17,0.7178610132272825
2020-07-20,0.7177157010132185
2020-07-21,0.7175451817800297
2020-07-22,0.7187098564956622
2020-07-23,0.715458516930563
2020-07-24,0.7145693602935905
2020-07-27,0.7129440397658013
2020-07-28,0.713694725615309
2020-07-29,0.7136573314758352
2020-07-30,0.7158858987204068
2020-07-31,0.7173966709590188
2020-08-03,0.718819428999525
2020-08-04,0.7256196971030024
2020-08-05,0.72352742296893
2020-08-06,0.7217039652933334
2020-08-07,0.7199881705787072
2020-08-10,0.718985861036934
2020-08-11,0.718387269207144
2020-08-12,0.7164025058320413
2020-08-13,0.7102250589012503
2020-08-14,0.7116814223722235
2020-08-17,0.7126427757257554
2020-08-18,0.7136197769096703
2020-08-19,0.7138402194145728
2020-08-20,0.714581026481546
2020-08-21,0.7138167277797128
2020-08-24,0.7138800996969128
2020-08-25,0.7146447353463576
2020-08-26,0.7146860316611559
2020-08-27,0.7150248106871087
2020-08-28,0.7055620711467754
2020-08-31,0.7059556472596348
2020-09-01,0.7132621889080795
2020-09-02,0.7137967499856899
2020-09-03,0.7139620831101702
2020-09-04,0.6963250630613647
2020-09-07,0.7001398289483782
2020-09-08,0.7052925996059616
2020-09-09,0.7081441536633829
2020-09-10,0.7219371130546671
2020-09-11,0.7199503191321156
2020-09-14,0.7173540045195281
2020-09-15,0.7167573134444043
2020-09-16,0.7097737799669478
2020-09-17,0.7133224827561531
2020-09-18,0.7136106226904143
2020-09-21,0.715276602663519
2020-09-22,0.7183097120978746
2020-09-23,0.7173159818178474
2020-09-24,0.714795481110772
2020-09-25,0.7149734330850235
2020-09-28,0.7153111396493796
2020-09-29,0.7134764348814217
2020-09-30,0.7124924400099985
2020-10-09,0.71356709863015
2020-10-12,0.7294456904280971
2020-10-13,0.7265192113460377
2020-10-14,0.7240598057119165
2020-10-15,0.7232570430104529
2020-10-16,0.7236254923839754
2020-10-19,0.7213332060387287
2020-10-20,0.7197632661932994
2020-10-21,0.7187304210127243
2020-10-22,0.7164911195231087
2020-10-23,0.7166505111813968
2020-10-26,0.7113746749802422
2020-10-27,0.709993414193936
2020-10-28,0.7100529543145174
2020-10-29,0.7101698369930564
2020-10-30,0.7106890313515858
2020-11-02,0.713038536061887
2020-11-03,0.7133850596604239
2020-11-04,0.7111045087288717
2020-11-05,0.7139886827334924
2020-11-06,0.7150791775545716
2020-11-09,0.7160826626783556
2020-11-10,0.725520063049792
2020-11-11,0.7232880272337114
2020-11-12,0.7210505652804
2020-11-13,0.720039790776997
2020-11-16,0.7130040816243393
2020-11-17,0.7136067141200457
2020-11-18,0.7201661502917208
2020-11-19,0.719071549648592
2020-11-20,0.7205174835253302
2020-11-23,0.7195102203363783
2020-11-24,0.7164756806395919
2020-11-25,0.7140256352502099
2020-11-26,0.713962859717476
2020-11-27,0.7126826409001464
2020-11-30,0.722732794039447
2020-12-01,0.720169043090725
2020-12-02,0.7183860114540066
2020-12-03,0.7278378572703468
2020-12-04,0.7248780262944148
2020-12-07,0.7209847462582467
2020-12-08,0.7225646994871492
2020-12-09,0.7193303314067451
2020-12-10,0.7142228375485172
2020-12-11,0.7223062650283892
2020-12-14,0.7111274552357797
2020-12-15,0.7102494109981381
2020-12-16,0.7059687744145263
2020-12-17,0.7090046876597729
2020-12-18,0.710792700578709
2020-12-21,0.7391403173011221
2020-12-22,0.7423059996894193
2020-12-23,0.7369755476088238
2020-12-24,0.7360802718562103
2020-12-25,0.7322720046767492
2020-12-28,0.726765798999948
2020-12-29,0.7220161477080219
2020-12-30,0.7207043255936182
2020-12-31,0.7168288430426791
2021-01-04,0.7184045040859446
2021-01-05,0.7164618937846977
2021-01-06,0.7161246456106012
2021-01-07,0.7154859745390598
2021-01-08,0.7088121152816612
2021-01-11,0.6994727171301252
2021-01-12,0.7125957231269012
2021-01-13,0.710629905093326
2021-01-14,0.7114866999437705
2021-01-15,0.7121565410007296
2021-01-18,0.7138845214877418
2021-01-19,0.7141900535172475
2021-01-20,0.7214821993610435
2021-01-21,0.7196966677065213
2021-01-22,0.7168206277186081
2021-01-25,0.7153079826794355
2021-01-26,0.7123629667627261
2021-01-27,0.7119139004290691
2021-01-28,0.7185523094414494
2021-01-29,0.7222018976406024
2021-02-01,0.7208982120067907
2021-02-02,0.7212238666146282
2021-02-03,0.720678905526113
2021-02-04,0.7197868912617762
2021-02-05,0.7199236964267967
2021-02-08,0.7221097384455645
2021-02-09,0.7276466986659027
2021-02-10,0.7283055717468051
2021-02-18,0.7257014743595822
2021-02-19,0.7304606635749716
2021-02-22,0.7273471283477125
2021-02-23,0.7359380611702417
2021-02-24,0.7322434748145014
2021-02-25,0.7287607340573106
2021-02-26,0.7293330225729301
2021-03-01,0.7267905709145541
2021-03-02,0.7252258437971667
2021-03-03,0.724821651934777
2021-03-04,0.731584686918136
2021-03-05,0.728250568479763
2021-03-08,0.73269505173716
2021-03-09,0.7328234910702709
2021-03-10,0.7347389084557773
2021-03-11,0.730985523828603
2021-03-12,0.7291183296979665
2021-03-15,0.7269055526208621
2021-03-16,0.7269795121821746
2021-03-17,0.7256097284292496
2021-03-18,0.7231457967324846
2021-03-19,0.7217608876643806
2021-03-22,0.7206474575728687
2021-03-23,0.7193813694408387
2021-03-24,0.7153366539248533
2021-03-25,0.7158389683169188
2021-03-26,0.7151026647141345
2021-03-29,0.7170716760056843
2021-03-30,0.7250392995485176
2021-03-31,0.7231249619021937
2021-04-01,0.7215842442114121
2021-04-02,0.7233626526152861
2021-04-06,0.7255106840916791
2021-04-07,0.7231989719580874
2021-04-08,0.7213257097206299
2021-04-09,0.7207504659531926
2021-04-12,0.7199128152793732
2021-04-13,0.7283235733083004
2021-04-14,0.7332370229789474
2021-04-15,0.7297200820910191
2021-04-16,0.7266471014757043
2021-04-19,0.7241979639448372
2021-04-20,0.7214482951328423
2021-04-21,0.720499776941205
2021-04-22,0.7205757607790044
2021-04-23,0.7218838520124994
2021-04-26,0.7213062694060586
2021-04-27,0.7310314911935428
2021-04-28,0.7280316463018693
2021-04-29,0.7268785338392462
2021-04-30,0.7263333216848462
2021-05-06,0.7238275973329987
2021-05-07,0.7456545618868403
2021-05-17,0.7411796433524409
2021-05-18,0.734615696116287
2021-05-19,0.7311044405697291
2021-05-20,0.75448985912494
2021-05-21,0.748768031859733
2021-05-24,0.7424123523062781
2021-05-25,0.7446207178714419
2021-05-26,0.7392543369176057
2021-05-27,0.7486297181819487
2021-05-28,0.7457699769561437
2021-05-31,0.7420250047748349
2021-06-01,0.7361305779342855
2021-06-02,0.7307028130016989
2021-06-03,0.7277388852334389
2021-06-04,0.7257146015174517
2021-06-07,0.7233757294306288
2021-06-08,0.7226744436884575
2021-06-09,0.7201024651659166
2021-06-10,0.7201636303069753
2021-06-11,0.7200418707819741
2021-06-15,0.721338169775894
2021-06-16,0.7248763933987094
2021-06-17,0.7259137516739508
2021-06-18,0.7243280126153923
2021-06-21,0.7223735814401738
2021-06-22,0.7278871198603253
2021-06-23,0.7225166580028823
2021-06-24,0.721052985686141
2021-06-25,0.7198651244421603
2021-06-28,0.7233649164217943
2021-06-29,0.7200445322287902
2021-06-30,0.7190130990688923
2021-07-01,0.7218149967510726
2021-07-02,0.7203772069504525
2021-07-05,0.71865950802483
2021-07-06,0.7194813524879037
2021-07-07,0.7224838206966135
2021-07-08,0.727744699494539
2021-07-09,0.7245089879140908
2021-07-12,0.7229635047627136
2021-07-13,0.7206888070573081
2021-07-14,0.7195656541609927
2021-07-15,0.7241534267980174
2021-07-16,0.7227421850578343
2021-07-19,0.721181926981929
2021-07-20,0.7172196070193602
2021-07-21,0.713784393446624
2021-07-22,0.713902001464493
2021-07-23,0.7137174245540188
2021-07-26,0.7141270032436609
2021-07-27,0.7140515102262774
2021-07-28,0.7159796940034056
2021-08-02,0.715886350716661
2021-08-03,0.7208437677298328
2021-08-04,0.7344340032877373
2021-08-05,0.7436392964007896
2021-08-06,0.7380667584706031
2021-08-09,0.7333623498108558
2021-08-10,0.7300810558333191
2021-08-11,0.7289194422448442
2021-08-12,0.7268900095580132
2021-08-13,0.7266120801394329
2021-08-16,0.7242892730771784
2021-08-17,0.7228323614387494
2021-08-18,0.7189542095967075
2021-08-19,0.7271131959038589
2021-08-20,0.7274706787348836
2021-08-23,0.7252993392231316
2021-08-24,0.7225080337592228
2021-08-25,0.7225953071214972
2021-08-26,0.7214724024564191
2021-08-27,0.7256193020715439
2021-08-30,0.7235860813074639
2021-08-31,0.7281056756834499
2021-09-01,0.7270730845657858
2021-09-02,0.7249986732197055
2021-09-03,0.7233454899360882
2021-09-06,0.7343703104302934
2021-09-07,0.7309944906660395
2021-09-08,0.7278419643165814
2021-09-09,0.7258970684997296
2021-09-10,0.7277192558791205
2021-09-13,0.7248726981348995
2021-09-14,0.7233997700659455
2021-09-15,0.7260426943535915
2021-09-16,0.7232813707686819
2021-09-17,0.722464962786653
2021-09-22,0.7213625014284782
2021-09-23,0.7214053043746259
2021-09-24,0.7237915281449863
2021-09-27,0.7231636966482841
2021-09-28,0.7229775306190117
2021-09-29,0.7205853744355616
2021-09-30,0.7192020560566604
2021-10-08,0.7175851774347223
2021-10-11,0.720771285110115
2021-10-12,0.7197574353535805
2021-10-13,0.7345268206032668
2021-10-14,0.7307202610546658
2021-10-15,0.7268428103974676
2021-10-18,0.7264827640851671
2021-10-19,0.7245550625885004
2021-10-20,0.7231609651512406
2021-10-21,0.7318039957071761
2021-10-22,0.7362410581635495
2021-10-25,0.7273931651334872
2021-10-26,0.7235124396331445
2021-10-27,0.7209597077840696
2021-10-28,0.7312269538319852
2021-10-29,0.7204596022124048
2021-11-01,0.7168334615351232
2021-11-02,0.722579898827059
2021-11-03,0.7351338197212326
2021-11-04,0.7331808272824191
2021-11-05,0.7322243644782254
2021-11-08,0.7294549469361018
2021-11-09,0.7266688470222744
2021-11-10,0.7251222957287674
2021-11-11,0.7034161010394462
2021-11-12,0.7105350368059516
2021-11-15,0.711758242062704
2021-11-16,0.7131806662141055
2021-11-17,0.7134127544360742
2021-11-18,0.7119746142832774
2021-11-19,0.7138406274391373
2021-11-22,0.7107680960283334
2021-11-23,0.7106371766175809
2021-11-24,0.7115140827414335
2021-11-25,0.7199393652269028
2021-11-26,0.718961196354535
2021-11-29,0.719164419020122
2021-11-30,0.7183116258510583
2021-12-01,0.7175790796346772
2021-12-02,0.7209371619614197
2021-12-03,0.7183723063290886
2021-12-06,0.6975868600516978
2021-12-07,0.700079681716483
2021-12-08,0.705857438897954
2021-12-09,0.709046389835925
2021-12-10,0.7128171424753138
2021-12-13,0.7124889327059722
2021-12-14,0.7162679328021638
2021-12-15,0.7154240162921469
2021-12-16,0.7167187983675893
2021-12-17,0.713455238669679
2021-12-20,0.7104614872482289
2021-12-21,0.708347200939723
2021-12-22,0.7099223118541421
2021-12-23,0.7110844563847014
2021-12-24,0.7114620717168393
2021-12-27,0.7123816101615758
2021-12-28,0.7351601317204327
2021-12-29,0.7314732804218782
2021-12-30,0.7282601910481031
2021-12-31,0.7233605033650319
2022-01-04,0.7217361721867336
2022-01-05,0.7222741307221402
2022-01-06,0.722653332605933
2022-01-07,0.7204257836087987
2022-01-10,0.7185195255547308
2022-01-11,0.7187033025770321
2022-01-12,0.7188360932491744
2022-01-13,0.717479309391798
2022-01-14,0.7160547207409856
2022-01-17,0.7151252116684895
2022-01-18,0.7205054170073363
2022-01-19,0.7204327855809993
2022-01-20,0.7239762420966843
2022-01-21,0.721928607939247
2022-01-24,0.7205261472398072
2022-01-25,0.7194785555802128
2022-01-26,0.7149995254964588
2022-01-27,0.7138986231314229
2022-01-28,0.7140121536045326
2022-02-07,0.6973547505274912
2022-02-08,0.6750297745583296
2022-02-09,0.6860764163103418
2022-02-10,0.6941312645381429
2022-02-11,0.6986604321217583
2022-02-14,0.6987668738272456
2022-02-15,0.7076660603535312
2022-02-16,0.7127129897049574
2022-02-17,0.7160397416561446
2022-02-18,0.7186779683705646
2022-02-21,0.7182829149762727
2022-02-22,0.7179764705618816
2022-02-23,0.7189888874465165
2022-02-24,0.7200220147983661
2022-02-25,0.7249449371623742
2022-02-28,0.7218146491274575
2022-03-01,0.7310935900560552
2022-03-02,0.7327834361163174
2022-03-03,0.730549285736907
2022-03-04,0.7315290488166919
2022-03-07,0.728875551757515
2022-03-08,0.7350164914347894
2022-03-09,0.7336913238973644
2022-03-10,0.7325593290248512
2022-03-11,0.7291382576175578
2022-03-14,0.726661028725233
2022-03-15,0.7340586200500245
2022-03-16,0.7302400565065122
2022-03-17,0.7313989630358427
2022-03-18,0.72831549462717
2022-03-21,0.7273157649114624
2022-03-22,0.7248897871633323
2022-03-23,0.7230844331053043
2022-03-24,0.7196914220845112
2022-03-25,0.7174028778748597
2022-03-28,0.7213369411137066
2022-03-29,0.7200772964036694
2022-03-30,0.7200243418111015
2022-03-31,0.718978951424828
2022-04-01,0.7170770709398321
2022-04-06,0.7219012833937314
2022-04-07,0.7142376544347318
2022-04-08,0.7138950766755314
2022-04-11,0.7144730897089798
2022-04-12,0.723394716716292
2022-04-13,0.7253426699311509
2022-04-14,0.7248908434514147
2022-04-15,0.7246472424188979
2022-04-18,0.7232344396307504
2022-04-19,0.7216757811853539
2022-04-20,0.7205035517546134
2022-04-21,0.7201909029880091
2022-04-22,0.7209182350850387
2022-04-25,0.7229250918853656
2022-04-26,0.7395376912537666
2022-04-27,0.7344762016434987
2022-04-28,0.731107335021713
2022-04-29,0.7280372785539577
2022-05-05,0.7264466186444097
2022-05-06,0.7229222513015173
2022-05-09,0.7396199090791105
2022-05-10,0.7377441469660347
2022-05-11,0.734565979374423
2022-05-12,0.7336960026550127
2022-05-13,0.7309941943136484
2022-05-16,0.7286716065162631
2022-05-17,0.7259932427010294
2022-05-18,0.7236242461310702
2022-05-19,0.7254018394553442
2022-05-20,0.7231526882331338
2022-05-23,0.7235394311978475
2022-05-24,0.722290001896114
2022-05-25,0.7308952718798166
2022-05-26,0.7298457911599411
2022-05-27,0.7278511862449795
2022-05-30,0.7280854343159068
2022-05-31,0.7261804749669742
2022-06-01,0.7247601706673368
2022-06-02,0.7232443374324733
2022-06-06,0.7226975090338329
2022-06-07,0.7203168046286782
2022-06-08,0.720123724497649
2022-06-09,0.7196386560124299
2022-06-10,0.7186849381734148
2022-06-13,0.7178910217501556
2022-06-14,0.7249860894725064
2022-06-15,0.7272307034526052
2022-06-16,0.7263304112354905
2022-06-17,0.7256843994831688
2022-06-20,0.742240251679305
2022-06-21,0.7683239184339836
2022-06-22,0.7601974025712923
2022-06-23,0.7531832961285033
2022-06-24,0.7467618582464799
2022-06-27,0.7411066212565914
2022-06-28,0.7379948951759262
2022-06-29,0.7333481400596121
2022-06-30,0.7297656618495847
2022-07-01,0.7264628008186608
2022-07-04,0.7262504924173799
2022-07-05,0.7318848530202845
2022-07-06,0.7309633032358533
2022-07-07,0.7281273700008237
2022-07-08,0.7258804663057992
2022-07-11,0.7231471934864466
2022-07-12,0.7356096019914321
2022-07-13,0.735354013470745
2022-07-14,0.730345407642696
2022-07-15,0.7314015508898626
2022-07-18,0.746941395148989
2022-07-19,0.7481721484052929
2022-07-20,0.7420292544961747
2022-07-21,0.737391752951834
2022-07-22,0.733265342199147
2022-07-25,0.72978030287526
2022-07-26,0.7273865885888917
2022-07-27,0.7248754247872544
2022-07-28,0.7229497028578038
2022-07-29,0.7297993133375988
2022-08-01,0.727090477745336
2022-08-02,0.7267706557860598
2022-08-03,0.724434356466955
2022-08-04,0.7225898528471835
2022-08-05,0.7226313212059308
2022-08-08,0.7222148921046573
2022-08-09,0.7247438290348602
2022-08-10,0.7238964732874849
2022-08-11,0.7221966800024056
2022-08-12,0.720886004591033
2022-08-15,0.7202247020973163
2022-08-16,0.7190112738020127
2022-08-17,0.7181159868428355
2022-08-18,0.7312664679833871
2022-08-19,0.7282338928974853
2022-08-22,0.730383742706449
2022-08-23,0.7303724489711672
2022-08-24,0.7286372696083517
2022-08-25,0.726968560340931
2022-08-26,0.7236709409100454
2022-08-29,0.7240065264435169
2022-08-30,0.7284982702233213
2022-08-31,0.7290725797559133
2022-09-01,0.7267812038850542
2022-09-02,0.7006422648352586
2022-09-05,0.7034118277722552
2022-09-06,0.7062947695599044
2022-09-07,0.7081508028839679
2022-09-08,0.7088340919615946
2022-09-09,0.7110855055699189
2022-09-13,0.7121166777959924
2022-09-14,0.7131044677345804
2022-09-15,0.7160030909589613
2022-09-16,0.7154049033796941
2022-09-19,0.7155542882281966
2022-09-20,0.7146286170999046
2022-09-21,0.7166173531852433
2022-09-22,0.7162597748586751
2022-09-23,0.7258616610289711
2022-09-26,0.7235458341736698
2022-09-27,0.7210675923689963
2022-09-28,0.7237207693212399
2022-09-29,0.7218238385207556
2022-09-30,0.7204036179011716
2022-10-10,0.7206985907548717
2022-10-11,0.7199260726499269
2022-10-12,0.7301462323062468
2022-10-13,0.727349865306432
2022-10-14,0.7262450539047236
2022-10-17,0.7257963052914067
2022-10-18,0.72870452869164
2022-10-19,0.7260609498046191
2022-10-20,0.7231298066137544
2022-10-21,0.7249147995238814
2022-10-24,0.724562750078854
2022-10-25,0.7226518695238289
2022-10-26,0.7225526736507271
2022-10-27,0.7210298527344075
2022-10-28,0.7195524147065577
2022-10-31,0.7261485477482565
2022-11-01,0.7276306593658454
2022-11-02,0.7316526264504283
2022-11-03,0.7283457398535786
2022-11-04,0.7259233453221605
2022-11-07,0.7270087109116863
2022-11-08,0.7251404707633804
2022-11-09,0.7231704744670046
2022-11-10,0.723741737859696
2022-11-11,0.7247177767363309
2022-11-14,0.7290916143372067
2022-11-15,0.7263011111140244
2022-11-16,0.7247952985751586
2022-11-17,0.7239262494443424
2022-11-18,0.7219381222400663
2022-11-21,0.72051434854115
2022-11-22,0.7218991703565297
2022-11-23,0.7205313407280662
2022-11-24,0.7188479378231505
2022-11-25,0.7178190771931459
2022-11-28,0.7205453854231276
2022-11-29,0.7192663732270032
2022-11-30,0.720473662864538
2022-12-01,0.7197187382855195
2022-12-02,0.7190123227036345
2022-12-05,0.7215115494169355
2022-12-06,0.72076596811279
2022-12-07,0.7199546732665705
2022-12-08,0.7183094693409754
2022-12-09,0.7209659556235016
2022-12-12,0.7333523403145187
2022-12-13,0.7296520197360488
2022-12-14,0.7263540426582951
2022-12-15,0.7259143371783598
2022-12-16,0.7325106025763686
2022-12-19,0.7304269323929748
2022-12-20,0.7400735154533404
2022-12-21,0.7351627467668141
2022-12-22,0.7362455338785764
2022-12-23,0.7331785041394868
2022-12-26,0.7292373230257151
2022-12-27,0.7264592370272467
2022-12-28,0.7258906078585345
2022-12-29,0.7239611842370889
2022-12-30,0.7219477236646817
2023-01-03,0.7236446068178615
2023-01-04,0.72407031741242
2023-01-05,0.7224456684887122
2023-01-06,0.7206749269561078
2023-01-09,0.7310750109295187
2023-01-10,0.7280934949103902
2023-01-11,0.7249769594758589
2023-01-12,0.7239289834714268
2023-01-13,0.7221987597414561
2023-01-16,0.7213359660811999
2023-01-17,0.7253457584192374
2023-01-18,0.7229496244783113
2023-01-19,0.7249662411504343
2023-01-20,0.723763512511195
2023-01-30,0.7211965537456854
2023-01-31,0.7153060222334476
2023-02-01,0.7190117445657341
2023-02-02,0.724027656758368
2023-02-03,0.7217501258128226
2023-02-06,0.7175322822242941
2023-02-07,0.7167970667968208
2023-02-08,0.7152145106847118
2023-02-09,0.715744707137307
2023-02-10,0.7175312139369797
2023-02-13,0.7175601809303538
2023-02-14,0.717597086451275
2023-02-15,0.7201234852535762
2023-02-16,0.7204511931618237
2023-02-17,0.7224279038688034
2023-02-20,0.7208915789861262
2023-02-21,0.7206407701562736
2023-02-22,0.7225572743957246
2023-02-23,0.7201196684658128
2023-02-24,0.7190905649505637
2023-02-27,0.7180247661406296
2023-02-28,0.7177899107048166
2023-03-01,0.717601491383186
2023-03-02,0.7205814831937165
2023-03-03,0.7198586264087721
2023-03-06,0.7238860781081828
2023-03-07,0.7252156873186582
2023-03-08,0.7238019875484627
2023-03-09,0.7219090469694764
2023-03-10,0.7246988598898821
2023-03-13,0.7227477866500374
2023-03-14,0.7287248987545049
2023-03-15,0.7262077525084285
2023-03-16,0.7252936520058895
2023-03-17,0.7420759241345117
2023-03-20,0.738624073445761
2023-03-21,0.7366314079337788
2023-03-22,0.7334620672384082
2023-03-23,0.7300992865576837
2023-03-24,0.7297666893508509
2023-03-27,0.7276265284444801
2023-03-28,0.7258943152857937
2023-03-29,0.7250861017470143
2023-03-30,0.7233549351619477
2023-03-31,0.7216178770872054
2023-04-03,0.7206244804761254
2023-04-04,0.7367012072235496
2023-04-06,0.734682914888224
2023-04-07,0.7202778302413139
2023-04-10,0.7224772429576454
2023-04-11,0.725390672598715
2023-04-12,0.723961059266109
2023-04-13,0.7228951658740808
2023-04-14,0.7210057558746876
2023-04-17,0.72068263250937
2023-04-18,0.7183515017054578
2023-04-19,0.7182836591403594
2023-04-20,0.717878916644292
2023-04-21,0.7176410313754654
2023-04-24,0.7287915473490315
2023-04-25,0.7358026754323872
2023-04-26,0.7319642188757988
2023-04-27,0.7288537307720199
2023-04-28,0.724958996905001
2023-05-04,0.7225418732890777
2023-05-05,0.7239746423545491
2023-05-08,0.7177431361976251
2023-05-09,0.7344649232001867
2023-05-10,0.7309404062059064
2023-05-11,0.7280428034212495
2023-05-12,0.7321214306882438
2023-05-15,0.7289751082295604
2023-05-16,0.730278034220355
2023-05-17,0.7268511714958611
2023-05-18,0.725491035943836
2023-05-19,0.7231950051058383
2023-05-22,0.721336082786806
2023-05-23,0.725444236154925
2023-05-24,0.723394103290578
2023-05-25,0.7303873449304271
2023-05-26,0.7277673895229425
2023-05-29,0.7264897590022166
2023-05-30,0.7241345646249834
2023-05-31,0.7240880410790771
2023-06-01,0.7214525351146366
2023-06-02,0.7265669776539693
2023-06-05,0.7249678359846939
2023-06-06,0.7234245840789392
2023-06-07,0.7215695773770421
2023-06-08,0.7221043147214993
2023-06-09,0.7207792241614949
2023-06-12,0.725385636029443
2023-06-13,0.7269529868101526
2023-06-14,0.7306875278383497
2023-06-15,0.7275522936716042
2023-06-16,0.7249040617171252
2023-06-19,0.7243072158401457
2023-06-20,0.7241063750097975
2023-06-21,0.7225287650158974
2023-06-26,0.7200949238486929
2023-06-27,0.7186525177844362
2023-06-28,0.7248999358299226
2023-06-29,0.723076534163371
2023-06-30,0.7215981656622543
2023-07-03,0.7204465399326088
2023-07-04,0.7204954774187361
2023-07-05,0.7194943598409469
2023-07-06,0.7187069936988499
2023-07-07,0.718103982372353
2023-07-10,0.7298350001867563
2023-07-11,0.7270722552823944
2023-07-12,0.7249640752961567
2023-07-13,0.7243412167743967
2023-07-14,0.7226877930523967
2023-07-17,0.7245619378392623
2023-07-18,0.7316765516783628
2023-07-19,0.7302080763327156
2023-07-20,0.7272297411646041
2023-07-21,0.7269998246877097
2023-07-24,0.7256514770196208
2023-07-25,0.7220607756829274
2023-07-26,0.7343088273661953
2023-07-27,0.7311574289536746
2023-07-28,0.7290267171043355
2023-07-31,0.726989250216013
2023-08-01,0.7245534131271097
2023-08-02,0.7226644316239049
2023-08-03,0.725521787899232
2023-08-04,0.7262228224862118
2023-08-07,0.7240944828402046
2023-08-08,0.7223065572650839
2023-08-09,0.7226929033109409
2023-08-10,0.7214663887954057
2023-08-11,0.7232608150420696
2023-08-14,0.721927669541364
2023-08-15,0.7243619637116988
2023-08-16,0.7236842827745524
2023-08-17,0.7219628819908378
2023-08-18,0.7205734476353572
2023-08-21,0.7198505184473755
2023-08-22,0.72013889613514
2023-08-23,0.7220839492212182
2023-08-24,0.7216141410766416
2023-08-25,0.723635589928139
2023-08-28,0.7217558183231346
2023-08-29,0.72725580251794
2023-08-30,0.7246817153216366
2023-08-31,0.7230718243723957
2023-09-01,0.7158977861272734
2023-09-04,0.7177617926875219
2023-09-05,0.717449505357661
2023-09-06,0.7171667931345291
2023-09-07,0.7161075861822453
2023-09-08,0.7177404277596333
2023-09-11,0.7193755646613038
2023-09-12,0.7214412484041066
2023-09-13,0.7201090319129104
2023-09-14,0.720879063468953
2023-09-15,0.7200892733540432
2023-09-18,0.7203258356152792
2023-09-19,0.7189478369252039
2023-09-20,0.7200596651918941
2023-09-21,0.7176570952939028
2023-09-22,0.7295655359862522
2023-09-25,0.7275090068577248
2023-09-26,0.7287470630273174
2023-09-27,0.7307176212342047
2023-09-28,0.7278592507391106
2023-10-09,0.7263644096870545
2023-10-10,0.7294387698460034
2023-10-11,0.7276076030030124
2023-10-12,0.7251350154142229
2023-10-13,0.7234263525438397
2023-10-16,0.7216741587420761
2023-10-17,0.7248577323859855
2023-10-18,0.7221030288693489
2023-10-19,0.7215062815664018
2023-10-20,0.7142407238404185
2023-10-23,0.7107054867756042
2023-10-24,0.7128140230906778
2023-10-25,0.7173790700003578
2023-10-26,0.7209520761551179
2023-10-27,0.7193062266492259
2023-10-30,0.7234503506319875
2023-10-31,0.722110467676396
2023-11-01,0.7207868165979412
2023-11-02,0.7200253357137683
2023-11-03,0.7188935871036606
2023-11-06,0.721875330409702
2023-11-07,0.7197115061379791
2023-11-08,0.7187667346495303
2023-11-09,0.722353910080951
2023-11-10,0.7212849384856911
2023-11-13,0.7218242001583453
2023-11-14,0.72082456458651
2023-11-15,0.7195193800090979
2023-11-16,0.7255569202190647
2023-11-17,0.7260425338950115
2023-11-20,0.724930209141659
2023-11-21,0.7254150378236804
2023-11-22,0.723188012680969
2023-11-23,0.7227885979409631
2023-11-24,0.7253370328898524
2023-11-27,0.725880941057432
2023-11-28,0.7235641268662533
2023-11-29,0.7230194521479965
2023-11-30,0.7214932333226929
2023-12-01,0.7201997979292238
2023-12-04,0.7200704158275878
2023-12-05,0.722481994026269
2023-12-06,0.7205520511615595
2023-12-07,0.7199568221811513
2023-12-08,0.7340792485270496
2023-12-11,0.7324826547312717
2023-12-12,0.7298788903494737
2023-12-13,0.7278988071505267
2023-12-14,0.7339081778631061
2023-12-15,0.7301665186069459
2023-12-18,0.7274583332607462
2023-12-19,0.7249134895743433
2023-12-20,0.7220836305012152
2023-12-21,0.7219542499130375
2023-12-22,0.7232294983695617
2023-12-25,0.7219208651921065
2023-12-26,0.7207762602734024
2023-12-27,0.7195604506311403
2023-12-28,0.7186290243923167
2023-12-29,0.7198627298166084
2024-01-02,0.7193915214101996
2024-01-03,0.7204087822783494
2024-01-04,0.7185555591467648
2024-01-05,0.718147532842061
2024-01-08,0.7268101308061089
2024-01-09,0.7244636270925545
2024-01-10,0.7226079088376856
2024-01-11,0.7254786477859994
2024-01-12,0.7259710155303123
2024-01-15,0.7241107848460047
2024-01-16,0.7224807394717137
2024-01-17,0.7205719787456654
2024-01-18,0.7211716933342247
2024-01-19,0.7217399797002156
2024-01-22,0.7203859400880213
2024-01-23,0.7185053136574365
2024-01-24,0.7183230059903568
2024-01-25,0.7197040510700565
2024-01-26,0.7196610680051739
2024-01-29,0.7174987749453097
2024-01-30,0.7150340479583931
2024-01-31,0.7214632683347009
2024-02-01,0.7214715738969081
2024-02-02,0.7198071596495021
2024-02-05,0.7221489047019185
2024-02-06,0.7199459743921295
2024-02-07,0.7189152934690374
2024-02-08,0.7181190656405189
2024-02-19,0.7164617221903536
2024-02-20,0.7180995782202114
2024-02-21,0.7286959290925622
2024-02-22,0.728244173064646
2024-02-23,0.7261812275449744
2024-02-26,0.7239745801683564
2024-02-27,0.7248495945694493
2024-02-28,0.7279341866903364
2024-02-29,0.7247085443713047
2024-03-01,0.7226559001218549
2024-03-04,0.7211892874124657
2024-03-05,0.7199285501860426
2024-03-06,0.7206821411792041
2024-03-07,0.7198395270864306
2024-03-08,0.7188039946327672
2024-03-11,0.7182731595402776
2024-03-12,0.7341989886687023
2024-03-13,0.732394001287671
2024-03-14,0.7297000924042965
2024-03-15,0.735093138696443
2024-03-18,0.7311349736616983
2024-03-19,0.7272825432997932
2024-03-20,0.7327040003538134
2024-03-21,0.7293298088620296
2024-03-22,0.7284941764528644
2024-03-25,0.7254029603057647
2024-03-26,0.7227801847454742
2024-03-27,0.7308041725431214
2024-03-28,0.7283518522047486
2024-03-29,0.7268482062673451
2024-04-01,0.7279905662438408
2024-04-02,0.7308791597056971
2024-04-03,0.7243189072732029
2024-04-08,0.7224317102229496
2024-04-09,0.7252254739203545
2024-04-10,0.7242016793138484
2024-04-11,0.7225938413601061
2024-04-12,0.7214306783100289
2024-04-15,0.7205296697817758
2024-04-16,0.7191091548165417
2024-04-17,0.7180019988354563
2024-04-18,0.7238671877143297
2024-04-19,0.72240067327322
2024-04-22,0.72088477650274
2024-04-23,0.7200447847169938
2024-04-24,0.7194083131052244
2024-04-25,0.7203234530805628
2024-04-26,0.7191159305531888
2024-04-29,0.7181840834576539
2024-04-30,0.7180167553864971
2024-05-06,0.7177316726778308
2024-05-07,0.7293112564947444
2024-05-08,0.7268059281669748
2024-05-09,0.7296601847962642
2024-05-10,0.7268337298638812
2024-05-13,0.7241693186754555
2024-05-14,0.7228045911446881
2024-05-15,0.727066903103536
2024-05-16,0.724098588379202
2024-05-17,0.7316717684860481
2024-05-20,0.7286597077167989
2024-05-21,0.7253744860178402
2024-05-22,0.7231743415058673
2024-05-23,0.7249234617724531
2024-05-24,0.7209574020938506
2024-05-27,0.7197965415393758
2024-05-28,0.7199580123833276
2024-05-29,0.7187955418524427
2024-05-30,0.7183011111595504
2024-05-31,0.7180385367796589
2024-06-03,0.7192195645617679
2024-06-04,0.7214631495636679
2024-06-05,0.7205142935585006
2024-06-06,0.7192501338470054
2024-06-07,0.7198507901643469
2024-06-11,0.7181610590090425
2024-06-12,0.722208987742212
2024-06-13,0.7210174678980367
2024-06-14,0.7168322603389152
2024-06-17,0.7176256600054608
2024-06-18,0.7188384622824558
2024-06-19,0.7184884405371078
2024-06-20,0.7177008095441478
2024-06-21,0.7167702143402997
2024-06-24,0.7182106138662943
2024-06-25,0.719740838373576
2024-06-26,0.7190032490253727
2024-06-27,0.720158291614239
2024-06-28,0.7195594828142817
2024-07-01,0.7181664009363007
2024-07-02,0.7181295795278595
2024-07-03,0.7174590637478405
2024-07-04,0.72275996207379
2024-07-05,0.7210025582634876
2024-07-08,0.7243651976494261
2024-07-09,0.731095473276048
2024-07-10,0.72791956768373
2024-07-11,0.7278878019124233
2024-07-12,0.7270824702024461
2024-07-15,0.7235600822780573
2024-07-16,0.7233881930904359
2024-07-17,0.7215530995097782
2024-07-18,0.7230611627680328
2024-07-19,0.7184362040168312
2024-07-22,0.7173480706316931
2024-07-23,0.7186344966028831
2024-07-24,0.7244895824071687
2024-07-25,0.721653013381398
2024-07-26,0.7279556387526624
2024-07-29,0.7278167256165362
2024-07-30,0.7263112802930398
2024-07-31,0.7365799760755115
2024-08-01,0.7331491620896978
2024-08-02,0.730556881997385
2024-08-05,0.7265475650899132
2024-08-06,0.724109142025095
2024-08-07,0.7251370999836441
2024-08-08,0.7225386760714022
2024-08-09,0.7295957584936842
2024-08-12,0.7270820246145326
2024-08-13,0.7320707948487345
2024-08-14,0.7319792441304184
2024-08-15,0.7431682371058164
2024-08-16,0.7387474774995159
2024-08-19,0.7314842886895082
2024-08-20,0.7269570768813302
2024-08-21,0.7263900428249441
2024-08-22,0.7338111567972757
2024-08-23,0.7307373018604698
2024-08-26,0.7287198191898789
2024-08-27,0.7371131047281305
2024-08-28,0.7329158958541107
2024-08-29,0.7294570498710382
2024-08-30,0.726790480222205
2024-09-02,0.7215675144054241
2024-09-03,0.724221414984341
2024-09-04,0.7262197279349083
2024-09-05,0.72593420220456
2024-09-06,0.7265024076548032
2024-09-09,0.7255332570377211
2024-09-10,0.7257416923849838
2024-09-11,0.7236292056068828
2024-09-12,0.7249148576183426
2024-09-13,0.7277318381909587
2024-09-18,0.7250826267671642
2024-09-19,0.7256238685286839
2024-09-20,0.7274249773009355
2024-09-23,0.724314134459145
2024-09-24,0.727120459337796
2024-09-25,0.7441878521215307
2024-09-26,0.7381901044457394
2024-09-27,0.7350962892342691
2024-09-30,0.7370065493024928
2024-10-08,0.7650978566240434
2024-10-09,0.7568982178371855
2024-10-10,0.7497325803141657
2024-10-11,0.7435096193059805
2024-10-14,0.7382480706586233
2024-10-15,0.7346043241612027
2024-10-16,0.7314774699373577
2024-10-17,0.7284687021206568
2024-10-18,0.7356974338588836
2024-10-21,0.7330151770160072
2024-10-22,0.7295858739168758
2024-10-23,0.7271708728672956
2024-10-24,0.7249128559492656
2024-10-25,0.7229339650463453
2024-10-28,0.7239434346106388
2024-10-29,0.7265945337763895
2024-10-30,0.7258609526731061
2024-10-31,0.724044516495768
2024-11-01,0.7222670609548126
2024-11-04,0.7214007938560368
2024-11-05,0.7207337345716468
2024-11-06,0.7196212998435453
2024-11-07,0.7196611260588263
2024-11-08,0.7197843885123053
2024-11-11,0.721612237727652
2024-11-12,0.721430242433525
2024-11-13,0.7201085686859883
2024-11-14,0.719076249002187
2024-11-15,0.7193909020923686
2024-11-18,0.7248383877757447
2024-11-19,0.7254770791760927
2024-11-20,0.724257911558357
2024-11-21,0.7223835471312315
2024-11-22,0.7210194665889332
2024-11-25,0.7238284179805619
2024-11-26,0.7224168048997791
2024-11-27,0.7210647410079051
2024-11-28,0.7195716119264027
2024-11-29,0.7179586855026878
2024-12-02,0.7163189721170414
2024-12-03,0.7177689897345092
2024-12-04,0.7185256710838425
2024-12-05,0.7185748141136766
2024-12-06,0.7221266537218184
2024-12-09,0.7204426996004664
2024-12-10,0.71951539554758
2024-12-11,0.7235189453235445
2024-12-12,0.7215263957699726
2024-12-13,0.7198160248225666
2024-12-16,0.7269764630648823
2024-12-17,0.7244197686891095
2024-12-18,0.7221314902587868
2024-12-19,0.7242618019212623
2024-12-20,0.7240199833074727
2024-12-23,0.72172592846753
2024-12-24,0.7205753321041026
2024-12-25,0.718961924560806
2024-12-26,0.7180629538363534
2024-12-27,0.7174045302290383
2024-12-30,0.7174547123280364
2024-12-31,0.7172662769069561
2025-01-02,0.7173638550751272
2025-01-03,0.7167400535014135
2025-01-06,0.7237089712920395
2025-01-07,0.7207954333889359
2025-01-08,0.720212369758452
2025-01-09,0.7206967608700449
2025-01-10,0.7197438203636318
2025-01-13,0.7187902523703944
2025-01-14,0.723804052010066
2025-01-15,0.7293489890379381
2025-01-16,0.7263636541627889
2025-01-17,0.7239655506150937
2025-01-20,0.724175483015624
2025-01-21,0.7219478192326934
2025-01-22,0.7205269941255232
2025-01-23,0.7183051115150477
2025-01-24,0.7174378868516338
2025-01-27,0.7159128928724109
2025-02-05,0.7151146110795041
2025-02-06,0.7153572538583424
2025-02-07,0.7180738860253519
2025-02-10,0.7174078315497441
2025-02-11,0.7163666567521834
2025-02-12,0.7234975459432366
2025-02-13,0.7236186014673787
2025-02-14,0.7241340623954107
2025-02-17,0.7220463097491567
2025-02-18,0.7206881327288591
2025-02-19,0.721294409868311
2025-02-20,0.7200489205199391
2025-02-21,0.7233964836901207
2025-02-24,0.7217286011382048
2025-02-25,0.724497716260055
2025-02-26,0.731256648348271
2025-02-27,0.7360702384312307
2025-02-28,0.7322769665506008
2025-03-03,0.7289235777329078
2025-03-04,0.7257434398008925
2025-03-05,0.7241331280650072
2025-03-06,0.7225810125764455
2025-03-07,0.7214991819579883
2025-03-10,0.7221836755106146
2025-03-11,0.7212252626324509
2025-03-12,0.7196027825116811
2025-03-13,0.7176009056658418
2025-03-14,0.7253859592889932
2025-03-17,0.725040378284193
2025-03-18,0.7266417736270997
2025-03-19,0.7247683120732784
2025-03-20,0.7232385571136328
2025-03-21,0.7213266384472578
2025-03-24,0.7199526297555354
2025-03-25,0.724358735273746
2025-03-26,0.7222063455829167
2025-03-27,0.7200758328936654
2025-03-28,0.7189273359190951
2025-03-31,0.7179521702488538
2025-04-01,0.7201056113032299
2025-04-02,0.7197959738567878
2025-04-03,0.7186376658429394
2025-04-07,0.7153080013286751
2025-04-08,0.7412854637673852
2025-04-09,0.7424891249527334
2025-04-10,0.737381917212972
2025-04-11,0.7372090827738101
2025-04-14,0.7327564316835244
2025-04-15,0.729128427562786
2025-04-16,0.726449475990749
2025-04-17,0.7257480586492144
2025-04-18,0.7240301468261308
2025-04-21,0.7225203270383166
2025-04-22,0.7214265884453648
2025-04-23,0.7241172092385402
2025-04-24,0.7292689159757124
2025-04-25,0.7282091171551678
2025-04-28,0.7256797296430388
2025-04-29,0.7266275311022158
2025-04-30,0.7254130329927525
2025-05-06,0.7229219977620714
2025-05-07,0.7211717119954556
2025-05-08,0.721408388816909
2025-05-09,0.721579967090063
2025-05-12,0.7234105006204511
2025-05-13,0.7328524536165231
2025-05-14,0.7290530131388867
2025-05-15,0.733130303465163
2025-05-16,0.7295831470072661
2025-05-19,0.7257051253173298
2025-05-20,0.7238241191163549
2025-05-21,0.7220313369352519
2025-05-22,0.7203542882243358
2025-05-23,0.7188382312573038
2025-05-26,0.7185303833388536
2025-05-27,0.7230310880818596
2025-05-28,0.7236927660461131
2025-05-29,0.7220656558704588
2025-05-30,0.7207866389080994
2025-06-03,0.7231959120151217
2025-06-04,0.7193339145764291
2025-06-05,0.7231302229142611
2025-06-06,0.7227327740983244
2025-06-09,0.7220500954832606
2025-06-10,0.720617710604504
2025-06-11,0.7195280203002856
2025-06-12,0.7192563876066658
2025-06-13,0.720780639065241
2025-06-16,0.7196044616062941
2025-06-17,0.7207803636637509
2025-06-18,0.7200706953329595
2025-06-19,0.7194810291863677
2025-06-20,0.7174973050070891
2025-06-23,0.7177218707664516
2025-06-24,0.7169009733436039
2025-06-25,0.7171966471358926
2025-06-26,0.7167366323156805
2025-06-27,0.7161923332766285
2025-06-30,0.7169608119009243
2025-07-01,0.7160602488792359
2025-07-02,0.7146224924989902
2025-07-03,0.7160344543537509
2025-07-04,0.7160000881840887
2025-07-07,0.7155610384164696
2025-07-08,0.7153181432633501
2025-07-09,0.7152330909088546
2025-07-10,0.7151623420181241
2025-07-11,0.7332300488226385
2025-07-14,0.7301441688955631
2025-07-15,0.7272207641053651
2025-07-16,0.725848089347492
2025-07-17,0.7223649663177382
2025-07-18,0.7254375855105075
2025-07-21,0.7246509169207908
2025-07-22,0.7442656503639012
2025-07-23,0.7410768345076074
2025-07-24,0.736581728653321
2025-07-25,0.7331312614202276
2025-07-28,0.7315295513850512
2025-07-29,0.7358682371991151
2025-07-30,0.735401696779433
2025-07-31,0.730233263537228
2025-08-01,0.736153303653006
2025-08-04,0.7321241311440196
2025-08-05,0.7292068831379588
2025-08-06,0.7282996889916706
2025-08-07,0.725718713709339
2025-08-08,0.7237758319134694
2025-08-11,0.7222291075364256
2025-08-12,0.7227860520730792
2025-08-13,0.7213827902886969
2025-08-14,0.7215339663545192
2025-08-15,0.7207910178926457
2025-08-18,0.7197258000718155
2025-08-19,0.7191333606748262
2025-08-20,0.7182827090000975
2025-08-21,0.7176800503087168
2025-08-22,0.7175308992133559
2025-08-25,0.7170736713948758
2025-08-26,0.7186507347447555
2025-08-27,0.718747340594142
2025-08-28,0.7187811987914647
2025-08-29,0.7212551210042082
2025-09-01,0.7231304342422952
2025-09-02,0.7247664428905719
2025-09-03,0.7227937194687089
2025-09-04,0.7206133717565444
2025-09-05,0.7199739515768535
2025-09-08,0.7213232081079484
2025-09-09,0.720474906078384
2025-09-10,0.7193539049025449
2025-09-11,0.7185510298543071
2025-09-12,0.7175953923710112
2025-09-15,0.7196931486505727
2025-09-16,0.7188467913139704
2025-09-17,0.7207129389817177
2025-09-18,0.7200026930426952
2025-09-19,0.7215800984806665
2025-09-22,0.721835098779818
2025-09-23,0.7205989096860608
2025-09-24,0.7254872336371856
2025-09-25,0.7238553531559985
2025-09-26,0.7221067647219344
2025-09-29,0.7254884536044575
2025-09-30,0.7250509498098511
2025-10-09,0.7249201538187372
2025-10-10,0.7250108649183545
2025-10-13,0.7230505290720278
2025-10-14,0.7234199023475388
2025-10-15,0.7230090775406792
2025-10-16,0.7209962997608509
2025-10-17,0.7195770129119577
2025-10-20,0.7192134043607349
2025-10-21,0.7177569019039186
2025-10-22,0.7171019920254753
2025-10-23,0.7169252642641494
2025-10-24,0.7161335825025072
2025-10-27,0.715925125917133
2025-10-28,0.7256478916025668
2025-10-29,0.7237489822609459
2025-10-30,0.7236142479649977
2025-10-31,0.7244943003722972
2025-11-03,0.7222592291138277
2025-11-04,0.7213174206286839
2025-11-05,0.7221382654045093
2025-11-06,0.7210733751780338
2025-11-07,0.7198156107127356
2025-11-10,0.7193066840039835
2025-11-11,0.7187254117870501
2025-11-12,0.7184093968093506
2025-11-13,0.7184477427293307
2025-11-14,0.7177426545460669
2025-11-17,0.7157308700463253
2025-11-18,0.728015200157101
2025-11-19,0.7264282256161135
2025-11-20,0.7238157088762293
2025-11-21,0.7224469528224438
2025-11-24,0.7209079976046089
2025-11-25,0.7220255799040731
2025-11-26,0.721216502536406
2025-11-27,0.7199707242440354
2025-11-28,0.718269325414522
2025-12-01,0.7170434596197607
2025-12-02,0.7196011180443227
2025-12-03,0.7186597985021116
2025-12-04,0.7180047378432912
2025-12-05,0.7181933766810937
2025-12-08,0.7182109767192092
2025-12-09,0.7207612507518626
2025-12-10,0.7258256811205799
2025-12-11,0.727951828403875
2025-12-12,0.7295058529677518
2025-12-15,0.7268117243670503
2025-12-16,0.7245067908422526
2025-12-17,0.722625338378573
2025-12-18,0.721126623540193
2025-12-19,0.7185573110964956
2025-12-22,0.718108627118321
2025-12-23,0.7170866699836635
2025-12-24,0.7165445707773807
2025-12-25,0.7161034549775206
2025-12-26,0.7138546384435742
2025-12-29,0.7123058950955253
2025-12-30,0.7127757819439375
2025-12-31,0.7130376033871529
2026-01-05,0.7141623562370445
2026-01-06,0.7172065532117029
2026-01-07,0.7175893264223433
2026-01-08,0.7290971024306981
2026-01-09,0.7268247782963335
2026-01-12,0.7262330727518618
2026-01-13,0.7245887467342993
2026-01-14,0.722434875256559
2026-01-15,0.7196118972385407
2026-01-16,0.7181812725290162
2026-01-19,0.7171283995957076
2026-01-20,0.7179521594976744
2026-01-21,0.7176306107049082
2026-01-22,0.7164647874008347
2026-01-23,0.7156298303331516
2026-01-26,0.7162773173471967
2026-01-27,0.7159584157391851
2026-01-28,0.7164828597500826
2026-01-29,0.7166128729659891
2026-01-30,0.7197464463833247
2026-02-02,0.7209024555700675
2026-02-03,0.7194864861549732
2026-02-04,0.7184664250151512
2026-02-05,0.7171887975151527
2026-02-06,0.7173574854248534
2026-02-09,0.7159086058924915
2026-02-10,0.7164512095684887
2026-02-11,0.7135307313740097
2026-02-12,0.7132829290389558
2026-02-13,0.7128787729211948
2026-02-24,0.7131287386569644
